<?xml version="1.0" encoding="UTF-8"?>
<osm version="0.6" generator="openstreetmap-cgimap 2.1.0 (1319 spike-08.openstreetmap.org)" copyright="OpenStreetMap and contributors" attribution="http://www.openstreetmap.org/copyright" license="http://opendatacommons.org/licenses/odbl/1-0/">
 <bounds minlat="41.7402180" minlon="-111.8148780" maxlat="41.7414510" maxlon="-111.8125550"/>
 <node id="321791153" visible="true" version="5" changeset="153683794" timestamp="2024-07-08T02:11:20Z" user="mamanakis" uid="20713" lat="41.7417023" lon="-111.8138988"/>
 <node id="321791315" visible="true" version="5" changeset="153526994" timestamp="2024-07-04T05:01:48Z" user="mamanakis" uid="20713" lat="41.7412455" lon="-111.8142391"/>
 <node id="321791317" visible="true" version="5" changeset="153526994" timestamp="2024-07-04T05:01:48Z" user="mamanakis" uid="20713" lat="41.7408959" lon="-111.8142162"/>
 <node id="321791319" visible="true" version="3" changeset="153526994" timestamp="2024-07-04T05:01:48Z" user="mamanakis" uid="20713" lat="41.7408975" lon="-111.8144552"/>
 <node id="321791321" visible="true" version="6" changeset="153527044" timestamp="2024-07-04T05:04:51Z" user="mamanakis" uid="20713" lat="41.7406522" lon="-111.8144541"/>
 <node id="321791323" visible="true" version="5" changeset="153527044" timestamp="2024-07-04T05:04:51Z" user="mamanakis" uid="20713" lat="41.7406490" lon="-111.8141749"/>
 <node id="321791326" visible="true" version="4" changeset="153526994" timestamp="2024-07-04T05:01:48Z" user="mamanakis" uid="20713" lat="41.7403081" lon="-111.8142507"/>
 <node id="321791329" visible="true" version="6" changeset="153527186" timestamp="2024-07-04T05:11:13Z" user="mamanakis" uid="20713" lat="41.7403023" lon="-111.8139986"/>
 <node id="321791332" visible="true" version="3" changeset="153526994" timestamp="2024-07-04T05:01:48Z" user="mamanakis" uid="20713" lat="41.7406466" lon="-111.8140247"/>
 <node id="321791335" visible="true" version="5" changeset="153527868" timestamp="2024-07-04T05:45:25Z" user="mamanakis" uid="20713" lat="41.7406456" lon="-111.8137472"/>
 <node id="321791337" visible="true" version="2" changeset="133630224" timestamp="2023-03-13T15:20:07Z" user="Xvtn" uid="14249378" lat="41.7408955" lon="-111.8137438"/>
 <node id="321791339" visible="true" version="1" changeset="610841" timestamp="2008-12-26T16:26:41Z" user="mamanakis" uid="20713" lat="41.7409019" lon="-111.8139890"/>
 <node id="321791342" visible="true" version="3" changeset="153526994" timestamp="2024-07-04T05:01:48Z" user="mamanakis" uid="20713" lat="41.7412479" lon="-111.8139853"/>
 <node id="321797037" visible="true" version="8" changeset="106429232" timestamp="2021-06-16T02:23:27Z" user="aweech" uid="8482773" lat="41.7416657" lon="-111.8142620"/>
 <node id="321797038" visible="true" version="7" changeset="58784082" timestamp="2018-05-08T10:40:10Z" user="Zurbagan" uid="6708927" lat="41.7413584" lon="-111.8143601"/>
 <node id="321797039" visible="true" version="18" changeset="153526023" timestamp="2024-07-04T04:02:20Z" user="mamanakis" uid="20713" lat="41.7411208" lon="-111.8146718">
  <tag k="crossing" v="marked"/>
  <tag k="crossing:island" v="no"/>
  <tag k="crossing:markings" v="yes"/>
  <tag k="highway" v="crossing"/>
 </node>
 <node id="321797040" visible="true" version="9" changeset="152874165" timestamp="2024-06-19T04:57:12Z" user="mamanakis" uid="20713" lat="41.7402646" lon="-111.8147110"/>
 <node id="321797041" visible="true" version="9" changeset="152874165" timestamp="2024-06-19T04:57:12Z" user="mamanakis" uid="20713" lat="41.7401736" lon="-111.8146223"/>
 <node id="321797045" visible="true" version="8" changeset="141481631" timestamp="2023-09-19T18:40:51Z" user="Xvtn" uid="14249378" lat="41.7403006" lon="-111.8132320"/>
 <node id="321797046" visible="true" version="9" changeset="113716007" timestamp="2021-11-12T23:29:54Z" user="Xvtn" uid="14249378" lat="41.7405262" lon="-111.8108669"/>
 <node id="321797047" visible="true" version="9" changeset="113716007" timestamp="2021-11-12T23:29:54Z" user="Xvtn" uid="14249378" lat="41.7405379" lon="-111.8102300"/>
 <node id="321797048" visible="true" version="7" changeset="106429232" timestamp="2021-06-16T02:23:27Z" user="aweech" uid="8482773" lat="41.7404198" lon="-111.8100605"/>
 <node id="321797049" visible="true" version="14" changeset="106429232" timestamp="2021-06-16T02:23:27Z" user="aweech" uid="8482773" lat="41.7402847" lon="-111.8099950"/>
 <node id="321800008" visible="true" version="8" changeset="174669188" timestamp="2025-11-14T23:23:13Z" user="Sytys" uid="11660817" lat="41.7393915" lon="-111.8143329"/>
 <node id="321800055" visible="true" version="3" changeset="153134053" timestamp="2024-06-25T00:25:59Z" user="mamanakis" uid="20713" lat="41.7403308" lon="-111.8139290"/>
 <node id="321800056" visible="true" version="4" changeset="153527270" timestamp="2024-07-04T05:16:21Z" user="mamanakis" uid="20713" lat="41.7405749" lon="-111.8138502"/>
 <node id="321800057" visible="true" version="5" changeset="153527868" timestamp="2024-07-04T05:45:25Z" user="mamanakis" uid="20713" lat="41.7405602" lon="-111.8136858"/>
 <node id="321800058" visible="true" version="3" changeset="153134053" timestamp="2024-06-25T00:25:59Z" user="mamanakis" uid="20713" lat="41.7402787" lon="-111.8136979"/>
 <node id="321800428" visible="true" version="9" changeset="153164663" timestamp="2024-06-25T16:15:46Z" user="mamanakis" uid="20713" lat="41.7408855" lon="-111.8134876"/>
 <node id="321800430" visible="true" version="14" changeset="153568281" timestamp="2024-07-04T23:47:37Z" user="mamanakis" uid="20713" lat="41.7408750" lon="-111.8114638"/>
 <node id="321800498" visible="true" version="12" changeset="153092040" timestamp="2024-06-24T03:28:10Z" user="mamanakis" uid="20713" lat="41.7416695" lon="-111.8128072"/>
 <node id="321800499" visible="true" version="7" changeset="152874165" timestamp="2024-06-19T04:57:12Z" user="mamanakis" uid="20713" lat="41.7408828" lon="-111.8128021"/>
 <node id="321800500" visible="true" version="8" changeset="153093412" timestamp="2024-06-24T04:51:45Z" user="mamanakis" uid="20713" lat="41.7401769" lon="-111.8127959"/>
 <node id="321801268" visible="true" version="14" changeset="158051757" timestamp="2024-10-18T13:43:13Z" user="Xvtn" uid="14249378" lat="41.7401155" lon="-111.8140419"/>
 <node id="321801318" visible="true" version="4" changeset="137926126" timestamp="2023-06-29T16:32:33Z" user="Xvtn" uid="14249378" lat="41.7409600" lon="-111.8149256"/>
 <node id="321801319" visible="true" version="6" changeset="153526023" timestamp="2024-07-04T04:02:20Z" user="mamanakis" uid="20713" lat="41.7405035" lon="-111.8147950"/>
 <node id="321801320" visible="true" version="8" changeset="153526023" timestamp="2024-07-04T04:02:20Z" user="mamanakis" uid="20713" lat="41.7405036" lon="-111.8147335">
  <tag k="crossing" v="marked"/>
  <tag k="crossing:island" v="no"/>
  <tag k="crossing:markings" v="yes"/>
  <tag k="highway" v="crossing"/>
 </node>
 <node id="321801321" visible="true" version="3" changeset="153527270" timestamp="2024-07-04T05:16:21Z" user="mamanakis" uid="20713" lat="41.7404995" lon="-111.8146388"/>
 <node id="321801322" visible="true" version="4" changeset="153526023" timestamp="2024-07-04T04:02:20Z" user="mamanakis" uid="20713" lat="41.7404601" lon="-111.8144825"/>
 <node id="321801323" visible="true" version="5" changeset="153526023" timestamp="2024-07-04T04:02:20Z" user="mamanakis" uid="20713" lat="41.7405897" lon="-111.8145797"/>
 <node id="321801324" visible="true" version="13" changeset="153526023" timestamp="2024-07-04T04:02:20Z" user="mamanakis" uid="20713" lat="41.7410953" lon="-111.8146245"/>
 <node id="321801371" visible="true" version="9" changeset="152975044" timestamp="2024-06-21T05:26:21Z" user="mamanakis" uid="20713" lat="41.7418585" lon="-111.8156944"/>
 <node id="321801405" visible="true" version="6" changeset="181680040" timestamp="2026-04-22T15:47:11Z" user="Xvtn" uid="14249378" lat="41.7416698" lon="-111.8154241"/>
 <node id="321801425" visible="true" version="5" changeset="152975044" timestamp="2024-06-21T05:26:21Z" user="mamanakis" uid="20713" lat="41.7417570" lon="-111.8151497"/>
 <node id="321801489" visible="true" version="5" changeset="153526023" timestamp="2024-07-04T04:02:20Z" user="mamanakis" uid="20713" lat="41.7412438" lon="-111.8148162"/>
 <node id="321828225" visible="true" version="6" changeset="152873641" timestamp="2024-06-19T04:31:00Z" user="mamanakis" uid="20713" lat="41.7415278" lon="-111.8103306"/>
 <node id="321828369" visible="true" version="9" changeset="153085814" timestamp="2024-06-23T21:09:09Z" user="mamanakis" uid="20713" lat="41.7419761" lon="-111.8062677"/>
 <node id="321828511" visible="true" version="6" changeset="128099485" timestamp="2022-10-26T19:38:33Z" user="Xvtn" uid="14249378" lat="41.7418421" lon="-111.8073459"/>
 <node id="321828513" visible="true" version="14" changeset="170131567" timestamp="2025-08-08T00:41:40Z" user="Xvtn" uid="14249378" lat="41.7415161" lon="-111.8081891"/>
 <node id="321828514" visible="true" version="12" changeset="152873641" timestamp="2024-06-19T04:31:00Z" user="mamanakis" uid="20713" lat="41.7415237" lon="-111.8091857"/>
 <node id="321828516" visible="true" version="14" changeset="152975332" timestamp="2024-06-21T05:37:00Z" user="mamanakis" uid="20713" lat="41.7415602" lon="-111.8134557"/>
 <node id="321828517" visible="true" version="13" changeset="153092810" timestamp="2024-06-24T04:18:11Z" user="mamanakis" uid="20713" lat="41.7413415" lon="-111.8140749"/>
 <node id="321828518" visible="true" version="12" changeset="153528093" timestamp="2024-07-04T05:57:36Z" user="mamanakis" uid="20713" lat="41.7412694" lon="-111.8143669"/>
 <node id="321828625" visible="true" version="5" changeset="152874165" timestamp="2024-06-19T04:57:12Z" user="mamanakis" uid="20713" lat="41.7402991" lon="-111.8134990"/>
 <node id="321828626" visible="true" version="7" changeset="141481631" timestamp="2023-09-19T18:40:51Z" user="Xvtn" uid="14249378" lat="41.7401671" lon="-111.8138520"/>
 <node id="321828627" visible="true" version="6" changeset="152874165" timestamp="2024-06-19T04:57:12Z" user="mamanakis" uid="20713" lat="41.7401492" lon="-111.8141421"/>
 <node id="321828682" visible="true" version="13" changeset="170131567" timestamp="2025-08-08T00:41:40Z" user="Xvtn" uid="14249378" lat="41.7415270" lon="-111.8090998"/>
 <node id="321830335" visible="true" version="10" changeset="153092040" timestamp="2024-06-24T03:28:10Z" user="mamanakis" uid="20713" lat="41.7416643" lon="-111.8133024"/>
 <node id="321830454" visible="true" version="9" changeset="153093255" timestamp="2024-06-24T04:42:27Z" user="mamanakis" uid="20713" lat="41.7415391" lon="-111.8114705"/>
 <node id="321831086" visible="true" version="7" changeset="153091810" timestamp="2024-06-24T03:09:55Z" user="mamanakis" uid="20713" lat="41.7410715" lon="-111.8134824"/>
 <node id="321831429" visible="true" version="7" changeset="153684104" timestamp="2024-07-08T02:34:29Z" user="mamanakis" uid="20713" lat="41.7419166" lon="-111.8141972"/>
 <node id="321831439" visible="true" version="9" changeset="153525042" timestamp="2024-07-04T02:48:37Z" user="mamanakis" uid="20713" lat="41.7424556" lon="-111.8130087"/>
 <node id="321831442" visible="true" version="3" changeset="153092040" timestamp="2024-06-24T03:28:10Z" user="mamanakis" uid="20713" lat="41.7419257" lon="-111.8131598"/>
 <node id="321832025" visible="true" version="4" changeset="153092213" timestamp="2024-06-24T03:40:57Z" user="mamanakis" uid="20713" lat="41.7420843" lon="-111.8130708"/>
 <node id="321842859" visible="true" version="5" changeset="153164663" timestamp="2024-06-25T16:15:46Z" user="mamanakis" uid="20713" lat="41.7415196" lon="-111.8134501"/>
 <node id="321842865" visible="true" version="4" changeset="152975332" timestamp="2024-06-21T05:37:00Z" user="mamanakis" uid="20713" lat="41.7404501" lon="-111.8134796"/>
 <node id="321843234" visible="true" version="4" changeset="153526023" timestamp="2024-07-04T04:02:20Z" user="mamanakis" uid="20713" lat="41.7412284" lon="-111.8148174"/>
 <node id="321843235" visible="true" version="3" changeset="153526023" timestamp="2024-07-04T04:02:20Z" user="mamanakis" uid="20713" lat="41.7403556" lon="-111.8147806"/>
 <node id="429637537" visible="true" version="5" changeset="153527373" timestamp="2024-07-04T05:22:41Z" user="mamanakis" uid="20713" lat="41.7411691" lon="-111.8143286"/>
 <node id="429637538" visible="true" version="4" changeset="153526994" timestamp="2024-07-04T05:01:48Z" user="mamanakis" uid="20713" lat="41.7410139" lon="-111.8142121"/>
 <node id="429637539" visible="true" version="5" changeset="153527044" timestamp="2024-07-04T05:04:51Z" user="mamanakis" uid="20713" lat="41.7405370" lon="-111.8142299"/>
 <node id="429637540" visible="true" version="5" changeset="153527044" timestamp="2024-07-04T05:04:51Z" user="mamanakis" uid="20713" lat="41.7404104" lon="-111.8142540"/>
 <node id="429637542" visible="true" version="3" changeset="153526994" timestamp="2024-07-04T05:01:48Z" user="mamanakis" uid="20713" lat="41.7403280" lon="-111.8143431"/>
 <node id="431038828" visible="true" version="4" changeset="153052483" timestamp="2024-06-23T04:29:11Z" user="mamanakis" uid="20713" lat="41.7403192" lon="-111.8112094"/>
 <node id="431040260" visible="true" version="3" changeset="153092443" timestamp="2024-06-24T03:54:26Z" user="mamanakis" uid="20713" lat="41.7415632" lon="-111.8141635"/>
 <node id="2699513005" visible="true" version="2" changeset="153526994" timestamp="2024-07-04T05:01:48Z" user="mamanakis" uid="20713" lat="41.7412469" lon="-111.8142861"/>
 <node id="2699513006" visible="true" version="3" changeset="153527373" timestamp="2024-07-04T05:22:41Z" user="mamanakis" uid="20713" lat="41.7412297" lon="-111.8143247"/>
 <node id="2699513008" visible="true" version="3" changeset="153527373" timestamp="2024-07-04T05:22:41Z" user="mamanakis" uid="20713" lat="41.7412073" lon="-111.8143385"/>
 <node id="2699513009" visible="true" version="3" changeset="153527373" timestamp="2024-07-04T05:22:41Z" user="mamanakis" uid="20713" lat="41.7412389" lon="-111.8143103"/>
 <node id="2699513010" visible="true" version="1" changeset="20881962" timestamp="2014-03-03T06:57:07Z" user="kmack360" uid="1963414" lat="41.7410268" lon="-111.8139822"/>
 <node id="2699513012" visible="true" version="1" changeset="20881962" timestamp="2014-03-03T06:57:07Z" user="kmack360" uid="1963414" lat="41.7410279" lon="-111.8140054"/>
 <node id="2699513013" visible="true" version="1" changeset="20881962" timestamp="2014-03-03T06:57:07Z" user="kmack360" uid="1963414" lat="41.7409187" lon="-111.8140054"/>
 <node id="2699513014" visible="true" version="4" changeset="153527044" timestamp="2024-07-04T05:04:51Z" user="mamanakis" uid="20713" lat="41.7406283" lon="-111.8141752"/>
 <node id="2699513016" visible="true" version="2" changeset="153526994" timestamp="2024-07-04T05:01:48Z" user="mamanakis" uid="20713" lat="41.7404107" lon="-111.8143024"/>
 <node id="2699513017" visible="true" version="2" changeset="153526994" timestamp="2024-07-04T05:01:48Z" user="mamanakis" uid="20713" lat="41.7403974" lon="-111.8143300"/>
 <node id="2699513018" visible="true" version="2" changeset="153526994" timestamp="2024-07-04T05:01:48Z" user="mamanakis" uid="20713" lat="41.7403784" lon="-111.8143480"/>
 <node id="2699513020" visible="true" version="2" changeset="153526994" timestamp="2024-07-04T05:01:48Z" user="mamanakis" uid="20713" lat="41.7403572" lon="-111.8143547"/>
 <node id="2699513021" visible="true" version="2" changeset="153526994" timestamp="2024-07-04T05:01:48Z" user="mamanakis" uid="20713" lat="41.7403108" lon="-111.8143150"/>
 <node id="2699513022" visible="true" version="3" changeset="153526994" timestamp="2024-07-04T05:01:48Z" user="mamanakis" uid="20713" lat="41.7403047" lon="-111.8140977"/>
 <node id="2699513023" visible="true" version="3" changeset="153526994" timestamp="2024-07-04T05:01:48Z" user="mamanakis" uid="20713" lat="41.7402738" lon="-111.8140982"/>
 <node id="2699513025" visible="true" version="3" changeset="153527159" timestamp="2024-07-04T05:09:33Z" user="mamanakis" uid="20713" lat="41.7402754" lon="-111.8141548"/>
 <node id="2699513026" visible="true" version="2" changeset="153526023" timestamp="2024-07-04T04:02:20Z" user="mamanakis" uid="20713" lat="41.7403427" lon="-111.8144223"/>
 <node id="2699513027" visible="true" version="3" changeset="153526023" timestamp="2024-07-04T04:02:20Z" user="mamanakis" uid="20713" lat="41.7402984" lon="-111.8143946"/>
 <node id="2699513029" visible="true" version="3" changeset="153526023" timestamp="2024-07-04T04:02:20Z" user="mamanakis" uid="20713" lat="41.7402300" lon="-111.8142093"/>
 <node id="2699513030" visible="true" version="5" changeset="152874165" timestamp="2024-06-19T04:57:12Z" user="mamanakis" uid="20713" lat="41.7402363" lon="-111.8141356"/>
 <node id="2699513031" visible="true" version="3" changeset="153526023" timestamp="2024-07-04T04:02:20Z" user="mamanakis" uid="20713" lat="41.7402326" lon="-111.8142659"/>
 <node id="2699513036" visible="true" version="3" changeset="153526023" timestamp="2024-07-04T04:02:20Z" user="mamanakis" uid="20713" lat="41.7407520" lon="-111.8146028"/>
 <node id="2699513037" visible="true" version="5" changeset="153091810" timestamp="2024-06-24T03:09:55Z" user="mamanakis" uid="20713" lat="41.7411948" lon="-111.8138630"/>
 <node id="2699513038" visible="true" version="3" changeset="128752249" timestamp="2022-11-10T21:37:02Z" user="Xvtn" uid="14249378" lat="41.7414903" lon="-111.8136172"/>
 <node id="2699513040" visible="true" version="4" changeset="128752249" timestamp="2022-11-10T21:37:02Z" user="Xvtn" uid="14249378" lat="41.7414109" lon="-111.8138374"/>
 <node id="2699513041" visible="true" version="3" changeset="153528093" timestamp="2024-07-04T05:57:36Z" user="mamanakis" uid="20713" lat="41.7412844" lon="-111.8143129"/>
 <node id="2699536550" visible="true" version="2" changeset="153092810" timestamp="2024-06-24T04:18:11Z" user="mamanakis" uid="20713" lat="41.7413355" lon="-111.8141098"/>
 <node id="2699536552" visible="true" version="6" changeset="153527373" timestamp="2024-07-04T05:22:41Z" user="mamanakis" uid="20713" lat="41.7412721" lon="-111.8141094">
  <tag k="entrance" v="yes"/>
 </node>
 <node id="2699536554" visible="true" version="2" changeset="153526023" timestamp="2024-07-04T04:02:20Z" user="mamanakis" uid="20713" lat="41.7408096" lon="-111.8144530"/>
 <node id="2699536555" visible="true" version="2" changeset="153526023" timestamp="2024-07-04T04:02:20Z" user="mamanakis" uid="20713" lat="41.7407500" lon="-111.8144483"/>
 <node id="2699536561" visible="true" version="3" changeset="153527324" timestamp="2024-07-04T05:19:58Z" user="mamanakis" uid="20713" lat="41.7408106" lon="-111.8145099"/>
 <node id="2699536563" visible="true" version="3" changeset="153527044" timestamp="2024-07-04T05:04:51Z" user="mamanakis" uid="20713" lat="41.7407498" lon="-111.8145105"/>
 <node id="2699536565" visible="true" version="2" changeset="153526994" timestamp="2024-07-04T05:01:48Z" user="mamanakis" uid="20713" lat="41.7403046" lon="-111.8141537"/>
 <node id="2699536567" visible="true" version="4" changeset="153527270" timestamp="2024-07-04T05:16:21Z" user="mamanakis" uid="20713" lat="41.7410143" lon="-111.8142450"/>
 <node id="2699536568" visible="true" version="3" changeset="153526994" timestamp="2024-07-04T05:01:48Z" user="mamanakis" uid="20713" lat="41.7411402" lon="-111.8142397"/>
 <node id="4539981587" visible="true" version="3" changeset="133630224" timestamp="2023-03-13T15:20:07Z" user="Xvtn" uid="14249378" lat="41.7401188" lon="-111.8138537"/>
 <node id="4539981588" visible="true" version="2" changeset="153134081" timestamp="2024-06-25T00:27:59Z" user="mamanakis" uid="20713" lat="41.7403029" lon="-111.8138176"/>
 <node id="4539981589" visible="true" version="2" changeset="153134081" timestamp="2024-06-25T00:27:59Z" user="mamanakis" uid="20713" lat="41.7405666" lon="-111.8138027"/>
 <node id="4539981604" visible="true" version="3" changeset="152874165" timestamp="2024-06-19T04:57:12Z" user="mamanakis" uid="20713" lat="41.7401440" lon="-111.8145689"/>
 <node id="4539981605" visible="true" version="3" changeset="152874165" timestamp="2024-06-19T04:57:12Z" user="mamanakis" uid="20713" lat="41.7401130" lon="-111.8144145"/>
 <node id="4539981607" visible="true" version="4" changeset="153526023" timestamp="2024-07-04T04:02:20Z" user="mamanakis" uid="20713" lat="41.7406709" lon="-111.8149334"/>
 <node id="4539981608" visible="true" version="4" changeset="153526023" timestamp="2024-07-04T04:02:20Z" user="mamanakis" uid="20713" lat="41.7410465" lon="-111.8148246"/>
 <node id="5564867296" visible="true" version="9" changeset="158027468" timestamp="2024-10-17T21:46:35Z" user="Xvtn" uid="14249378" lat="41.7403051" lon="-111.8115839">
  <tag k="crossing:markings" v="yes"/>
  <tag k="crossing:signals" v="no"/>
  <tag k="highway" v="crossing"/>
 </node>
 <node id="5604208997" visible="true" version="6" changeset="153093412" timestamp="2024-06-24T04:51:45Z" user="mamanakis" uid="20713" lat="41.7403067" lon="-111.8127959">
  <tag k="crossing" v="uncontrolled"/>
  <tag k="crossing:island" v="no"/>
  <tag k="crossing:markings" v="ladder"/>
  <tag k="highway" v="crossing"/>
 </node>
 <node id="5604234173" visible="true" version="1" changeset="58784082" timestamp="2018-05-08T10:40:10Z" user="Zurbagan" uid="6708927" lat="41.7415257" lon="-111.8142790"/>
 <node id="6347485768" visible="true" version="2" changeset="137815512" timestamp="2023-06-27T03:41:57Z" user="mamanakis" uid="20713" lat="41.7387163" lon="-111.8143053"/>
 <node id="8837285213" visible="true" version="1" changeset="106429232" timestamp="2021-06-16T02:23:27Z" user="aweech" uid="8482773" lat="41.7404827" lon="-111.8101084"/>
 <node id="8837285214" visible="true" version="2" changeset="113716007" timestamp="2021-11-12T23:29:54Z" user="Xvtn" uid="14249378" lat="41.7405412" lon="-111.8106993"/>
 <node id="8837285215" visible="true" version="2" changeset="113716007" timestamp="2021-11-12T23:29:54Z" user="Xvtn" uid="14249378" lat="41.7404662" lon="-111.8109847"/>
 <node id="8837287718" visible="true" version="2" changeset="113392905" timestamp="2021-11-05T04:18:07Z" user="Xvtn" uid="14249378" lat="41.7403125" lon="-111.8131580"/>
 <node id="8837287723" visible="true" version="1" changeset="106429232" timestamp="2021-06-16T02:23:27Z" user="aweech" uid="8482773" lat="41.7409656" lon="-111.8147412"/>
 <node id="8837287724" visible="true" version="1" changeset="106429232" timestamp="2021-06-16T02:23:27Z" user="aweech" uid="8482773" lat="41.7414434" lon="-111.8143083"/>
 <node id="8837287725" visible="true" version="2" changeset="133630224" timestamp="2023-03-13T15:20:07Z" user="Xvtn" uid="14249378" lat="41.7418939" lon="-111.8142655"/>
 <node id="9184347299" visible="true" version="3" changeset="153683794" timestamp="2024-07-08T02:11:20Z" user="mamanakis" uid="20713" lat="41.7417462" lon="-111.8151560"/>
 <node id="9184347300" visible="true" version="4" changeset="153526023" timestamp="2024-07-04T04:02:20Z" user="mamanakis" uid="20713" lat="41.7410773" lon="-111.8147874"/>
 <node id="9184347301" visible="true" version="3" changeset="153526023" timestamp="2024-07-04T04:02:20Z" user="mamanakis" uid="20713" lat="41.7410509" lon="-111.8148613"/>
 <node id="9184347302" visible="true" version="3" changeset="153526023" timestamp="2024-07-04T04:02:20Z" user="mamanakis" uid="20713" lat="41.7408159" lon="-111.8149951"/>
 <node id="9184347303" visible="true" version="5" changeset="153526023" timestamp="2024-07-04T04:02:20Z" user="mamanakis" uid="20713" lat="41.7405254" lon="-111.8148595"/>
 <node id="9184347304" visible="true" version="2" changeset="153526023" timestamp="2024-07-04T04:02:20Z" user="mamanakis" uid="20713" lat="41.7404908" lon="-111.8147806"/>
 <node id="9184347305" visible="true" version="3" changeset="153526023" timestamp="2024-07-04T04:02:20Z" user="mamanakis" uid="20713" lat="41.7402746" lon="-111.8147573"/>
 <node id="9184347306" visible="true" version="3" changeset="153526023" timestamp="2024-07-04T04:02:20Z" user="mamanakis" uid="20713" lat="41.7401557" lon="-111.8146622"/>
 <node id="9184347307" visible="true" version="3" changeset="153526023" timestamp="2024-07-04T04:02:20Z" user="mamanakis" uid="20713" lat="41.7400986" lon="-111.8145483"/>
 <node id="9184347308" visible="true" version="5" changeset="174669188" timestamp="2025-11-14T23:23:13Z" user="Sytys" uid="11660817" lat="41.7399988" lon="-111.8143882"/>
 <node id="9184347311" visible="true" version="3" changeset="174669341" timestamp="2025-11-14T23:30:34Z" user="Sytys" uid="11660817" lat="41.7393759" lon="-111.8134555"/>
 <node id="9184889750" visible="true" version="4" changeset="152873641" timestamp="2024-06-19T04:31:00Z" user="mamanakis" uid="20713" lat="41.7415292" lon="-111.8105067"/>
 <node id="9187750137" visible="true" version="3" changeset="152874165" timestamp="2024-06-19T04:57:12Z" user="mamanakis" uid="20713" lat="41.7401460" lon="-111.8139012"/>
 <node id="9211130911" visible="true" version="3" changeset="153684104" timestamp="2024-07-08T02:34:29Z" user="mamanakis" uid="20713" lat="41.7421154" lon="-111.8142778"/>
 <node id="9216618245" visible="true" version="2" changeset="128099485" timestamp="2022-10-26T19:38:33Z" user="Xvtn" uid="14249378" lat="41.7403395" lon="-111.8116424"/>
 <node id="9217030257" visible="true" version="3" changeset="152873641" timestamp="2024-06-19T04:31:00Z" user="mamanakis" uid="20713" lat="41.7415272" lon="-111.8101683"/>
 <node id="9217030261" visible="true" version="7" changeset="153092040" timestamp="2024-06-24T03:28:10Z" user="mamanakis" uid="20713" lat="41.7415559" lon="-111.8128061"/>
 <node id="9222417876" visible="true" version="3" changeset="153093255" timestamp="2024-06-24T04:42:27Z" user="mamanakis" uid="20713" lat="41.7415377" lon="-111.8108237"/>
 <node id="9222417885" visible="true" version="3" changeset="152873480" timestamp="2024-06-19T04:21:31Z" user="mamanakis" uid="20713" lat="41.7415390" lon="-111.8114145"/>
 <node id="9225759972" visible="true" version="4" changeset="153092040" timestamp="2024-06-24T03:28:10Z" user="mamanakis" uid="20713" lat="41.7417218" lon="-111.8128074">
  <tag k="entrance" v="yes"/>
 </node>
 <node id="9225759997" visible="true" version="3" changeset="126236506" timestamp="2022-09-15T18:54:37Z" user="Xvtn" uid="14249378" lat="41.7420000" lon="-111.8130596"/>
 <node id="9225759998" visible="true" version="3" changeset="152873641" timestamp="2024-06-19T04:31:00Z" user="mamanakis" uid="20713" lat="41.7415181" lon="-111.8092250"/>
 <node id="9225760000" visible="true" version="3" changeset="152873641" timestamp="2024-06-19T04:31:00Z" user="mamanakis" uid="20713" lat="41.7415211" lon="-111.8095211"/>
 <node id="9225760001" visible="true" version="3" changeset="152873641" timestamp="2024-06-19T04:31:00Z" user="mamanakis" uid="20713" lat="41.7415209" lon="-111.8096606"/>
 <node id="9225760004" visible="true" version="4" changeset="152873641" timestamp="2024-06-19T04:31:00Z" user="mamanakis" uid="20713" lat="41.7415289" lon="-111.8100964"/>
 <node id="9225763924" visible="true" version="2" changeset="153528093" timestamp="2024-07-04T05:57:36Z" user="mamanakis" uid="20713" lat="41.7412521" lon="-111.8144839"/>
 <node id="9225763939" visible="true" version="3" changeset="153526994" timestamp="2024-07-04T05:01:48Z" user="mamanakis" uid="20713" lat="41.7402745" lon="-111.8141299">
  <tag k="entrance" v="yes"/>
 </node>
 <node id="9227597259" visible="true" version="4" changeset="153526023" timestamp="2024-07-04T04:02:20Z" user="mamanakis" uid="20713" lat="41.7410595" lon="-111.8147763"/>
 <node id="9227597260" visible="true" version="2" changeset="153526023" timestamp="2024-07-04T04:02:20Z" user="mamanakis" uid="20713" lat="41.7411360" lon="-111.8147243"/>
 <node id="9227597261" visible="true" version="3" changeset="152874165" timestamp="2024-06-19T04:57:12Z" user="mamanakis" uid="20713" lat="41.7401497" lon="-111.8144206"/>
 <node id="9227597262" visible="true" version="3" changeset="152874165" timestamp="2024-06-19T04:57:12Z" user="mamanakis" uid="20713" lat="41.7401737" lon="-111.8145308"/>
 <node id="9227597263" visible="true" version="3" changeset="152874165" timestamp="2024-06-19T04:57:12Z" user="mamanakis" uid="20713" lat="41.7402240" lon="-111.8146152"/>
 <node id="9227597264" visible="true" version="3" changeset="153526023" timestamp="2024-07-04T04:02:20Z" user="mamanakis" uid="20713" lat="41.7402691" lon="-111.8146516"/>
 <node id="9227597265" visible="true" version="2" changeset="128752249" timestamp="2022-11-10T21:37:02Z" user="Xvtn" uid="14249378" lat="41.7403481" lon="-111.8146794"/>
 <node id="9227597266" visible="true" version="2" changeset="128752249" timestamp="2022-11-10T21:37:02Z" user="Xvtn" uid="14249378" lat="41.7404005" lon="-111.8146845"/>
 <node id="9227597267" visible="true" version="4" changeset="153527270" timestamp="2024-07-04T05:16:21Z" user="mamanakis" uid="20713" lat="41.7405082" lon="-111.8146666"/>
 <node id="9227597268" visible="true" version="2" changeset="152874165" timestamp="2024-06-19T04:57:12Z" user="mamanakis" uid="20713" lat="41.7403929" lon="-111.8134972"/>
 <node id="9227597298" visible="true" version="2" changeset="153526023" timestamp="2024-07-04T04:02:20Z" user="mamanakis" uid="20713" lat="41.7412450" lon="-111.8145703"/>
 <node id="9227678657" visible="true" version="4" changeset="152874165" timestamp="2024-06-19T04:57:12Z" user="mamanakis" uid="20713" lat="41.7402329" lon="-111.8134981"/>
 <node id="9227678658" visible="true" version="3" changeset="152874165" timestamp="2024-06-19T04:57:12Z" user="mamanakis" uid="20713" lat="41.7402353" lon="-111.8138519"/>
 <node id="9227758896" visible="true" version="2" changeset="153092810" timestamp="2024-06-24T04:18:11Z" user="mamanakis" uid="20713" lat="41.7409643" lon="-111.8134725">
  <tag k="emergency" v="fire_hydrant"/>
 </node>
 <node id="9227765194" visible="true" version="1" changeset="113416916" timestamp="2021-11-05T16:26:58Z" user="Xvtn" uid="14249378" lat="41.7408525" lon="-111.8135009">
  <tag k="amenity" v="bench"/>
 </node>
 <node id="9227768474" visible="true" version="4" changeset="133630224" timestamp="2023-03-13T15:20:07Z" user="Xvtn" uid="14249378" lat="41.7411496" lon="-111.8138620">
  <tag k="access" v="yes"/>
  <tag k="amenity" v="bicycle_parking"/>
  <tag k="bicycle_parking" v="stands"/>
  <tag k="covered" v="no"/>
  <tag k="fee" v="no"/>
 </node>
 <node id="9228711838" visible="true" version="3" changeset="153092040" timestamp="2024-06-24T03:28:10Z" user="mamanakis" uid="20713" lat="41.7416600" lon="-111.8138462"/>
 <node id="9254599912" visible="true" version="4" changeset="152975332" timestamp="2024-06-21T05:37:00Z" user="mamanakis" uid="20713" lat="41.7415476" lon="-111.8118373"/>
 <node id="9254599914" visible="true" version="5" changeset="153091939" timestamp="2024-06-24T03:20:22Z" user="mamanakis" uid="20713" lat="41.7415540" lon="-111.8125116"/>
 <node id="9254599915" visible="true" version="2" changeset="137708640" timestamp="2023-06-24T04:24:08Z" user="mamanakis" uid="20713" lat="41.7409605" lon="-111.8149429"/>
 <node id="9254599916" visible="true" version="3" changeset="153526023" timestamp="2024-07-04T04:02:20Z" user="mamanakis" uid="20713" lat="41.7409899" lon="-111.8149057"/>
 <node id="9254611717" visible="true" version="3" changeset="153526023" timestamp="2024-07-04T04:02:20Z" user="mamanakis" uid="20713" lat="41.7407571" lon="-111.8149879"/>
 <node id="9254611718" visible="true" version="2" changeset="137708640" timestamp="2023-06-24T04:24:08Z" user="mamanakis" uid="20713" lat="41.7406937" lon="-111.8149523"/>
 <node id="9254611719" visible="true" version="3" changeset="153526023" timestamp="2024-07-04T04:02:20Z" user="mamanakis" uid="20713" lat="41.7405272" lon="-111.8148807"/>
 <node id="9254611720" visible="true" version="4" changeset="153526023" timestamp="2024-07-04T04:02:20Z" user="mamanakis" uid="20713" lat="41.7407578" lon="-111.8149293"/>
 <node id="9254611721" visible="true" version="2" changeset="153526023" timestamp="2024-07-04T04:02:20Z" user="mamanakis" uid="20713" lat="41.7407360" lon="-111.8149532"/>
 <node id="9258559260" visible="true" version="5" changeset="153527868" timestamp="2024-07-04T05:45:25Z" user="mamanakis" uid="20713" lat="41.7405819" lon="-111.8134951"/>
 <node id="9258559261" visible="true" version="4" changeset="153527868" timestamp="2024-07-04T05:45:25Z" user="mamanakis" uid="20713" lat="41.7405883" lon="-111.8136314"/>
 <node id="9389035399" visible="true" version="3" changeset="152874165" timestamp="2024-06-19T04:57:12Z" user="mamanakis" uid="20713" lat="41.7415080" lon="-111.8135402"/>
 <node id="9389035400" visible="true" version="4" changeset="153091810" timestamp="2024-06-24T03:09:55Z" user="mamanakis" uid="20713" lat="41.7415020" lon="-111.8134899"/>
 <node id="9389035401" visible="true" version="2" changeset="128752249" timestamp="2022-11-10T21:37:02Z" user="Xvtn" uid="14249378" lat="41.7412511" lon="-111.8134967"/>
 <node id="9389035403" visible="true" version="3" changeset="153091810" timestamp="2024-06-24T03:09:55Z" user="mamanakis" uid="20713" lat="41.7411351" lon="-111.8136820"/>
 <node id="9389035404" visible="true" version="3" changeset="153091810" timestamp="2024-06-24T03:09:55Z" user="mamanakis" uid="20713" lat="41.7412362" lon="-111.8138985"/>
 <node id="9389035405" visible="true" version="2" changeset="128752249" timestamp="2022-11-10T21:37:02Z" user="Xvtn" uid="14249378" lat="41.7413649" lon="-111.8140435"/>
 <node id="9389035406" visible="true" version="2" changeset="128752249" timestamp="2022-11-10T21:37:02Z" user="Xvtn" uid="14249378" lat="41.7413841" lon="-111.8138629"/>
 <node id="9389035407" visible="true" version="2" changeset="128752249" timestamp="2022-11-10T21:37:02Z" user="Xvtn" uid="14249378" lat="41.7414464" lon="-111.8136678"/>
 <node id="9389035408" visible="true" version="3" changeset="153526023" timestamp="2024-07-04T04:02:20Z" user="mamanakis" uid="20713" lat="41.7411949" lon="-111.8144483"/>
 <node id="9389035409" visible="true" version="2" changeset="153526023" timestamp="2024-07-04T04:02:20Z" user="mamanakis" uid="20713" lat="41.7411146" lon="-111.8145817"/>
 <node id="9389035410" visible="true" version="3" changeset="153526023" timestamp="2024-07-04T04:02:20Z" user="mamanakis" uid="20713" lat="41.7409720" lon="-111.8145500"/>
 <node id="9389035411" visible="true" version="3" changeset="153526023" timestamp="2024-07-04T04:02:20Z" user="mamanakis" uid="20713" lat="41.7409483" lon="-111.8142831"/>
 <node id="9389035412" visible="true" version="1" changeset="115724239" timestamp="2022-01-03T18:50:20Z" user="Xvtn" uid="14249378" lat="41.7409745" lon="-111.8142795"/>
 <node id="9389035413" visible="true" version="3" changeset="153526994" timestamp="2024-07-04T05:01:48Z" user="mamanakis" uid="20713" lat="41.7411297" lon="-111.8139870"/>
 <node id="9389035414" visible="true" version="3" changeset="153091810" timestamp="2024-06-24T03:09:55Z" user="mamanakis" uid="20713" lat="41.7411260" lon="-111.8138186"/>
 <node id="9389035415" visible="true" version="3" changeset="153091810" timestamp="2024-06-24T03:09:55Z" user="mamanakis" uid="20713" lat="41.7411632" lon="-111.8138157"/>
 <node id="9389035416" visible="true" version="2" changeset="128752249" timestamp="2022-11-10T21:37:02Z" user="Xvtn" uid="14249378" lat="41.7410631" lon="-111.8135854"/>
 <node id="9389035417" visible="true" version="4" changeset="153092810" timestamp="2024-06-24T04:18:11Z" user="mamanakis" uid="20713" lat="41.7409776" lon="-111.8135853"/>
 <node id="9389035419" visible="true" version="3" changeset="153527159" timestamp="2024-07-04T05:09:33Z" user="mamanakis" uid="20713" lat="41.7402451" lon="-111.8142355"/>
 <node id="9389035421" visible="true" version="2" changeset="153527044" timestamp="2024-07-04T05:04:51Z" user="mamanakis" uid="20713" lat="41.7406311" lon="-111.8145733"/>
 <node id="9432203807" visible="true" version="5" changeset="153165505" timestamp="2024-06-25T16:34:10Z" user="mamanakis" uid="20713" lat="41.7402230" lon="-111.8130471"/>
 <node id="9432545014" visible="true" version="2" changeset="128099485" timestamp="2022-10-26T19:38:33Z" user="Xvtn" uid="14249378" lat="41.7415371" lon="-111.8105680"/>
 <node id="9976400836" visible="true" version="2" changeset="153526023" timestamp="2024-07-04T04:02:20Z" user="mamanakis" uid="20713" lat="41.7412701" lon="-111.8148783"/>
 <node id="9976400837" visible="true" version="2" changeset="153526023" timestamp="2024-07-04T04:02:20Z" user="mamanakis" uid="20713" lat="41.7411969" lon="-111.8147822"/>
 <node id="9976400838" visible="true" version="1" changeset="125343848" timestamp="2022-08-25T06:53:51Z" user="BCNorwich" uid="322785" lat="41.7411693" lon="-111.8147653"/>
 <node id="9976400839" visible="true" version="2" changeset="153526023" timestamp="2024-07-04T04:02:20Z" user="mamanakis" uid="20713" lat="41.7411917" lon="-111.8147663"/>
 <node id="10131017895" visible="true" version="1" changeset="128099485" timestamp="2022-10-26T19:38:33Z" user="Xvtn" uid="14249378" lat="41.7403619" lon="-111.8116647"/>
 <node id="10131017896" visible="true" version="1" changeset="128099485" timestamp="2022-10-26T19:38:33Z" user="Xvtn" uid="14249378" lat="41.7403668" lon="-111.8127154"/>
 <node id="10131017897" visible="true" version="1" changeset="128099485" timestamp="2022-10-26T19:38:33Z" user="Xvtn" uid="14249378" lat="41.7403635" lon="-111.8128331"/>
 <node id="10131017898" visible="true" version="1" changeset="128099485" timestamp="2022-10-26T19:38:33Z" user="Xvtn" uid="14249378" lat="41.7403635" lon="-111.8133418"/>
 <node id="10131017899" visible="true" version="2" changeset="152975332" timestamp="2024-06-21T05:37:00Z" user="mamanakis" uid="20713" lat="41.7403890" lon="-111.8134096"/>
 <node id="10131017900" visible="true" version="2" changeset="152975332" timestamp="2024-06-21T05:37:00Z" user="mamanakis" uid="20713" lat="41.7404324" lon="-111.8134409"/>
 <node id="10131017901" visible="true" version="2" changeset="152975332" timestamp="2024-06-21T05:37:00Z" user="mamanakis" uid="20713" lat="41.7404839" lon="-111.8134463"/>
 <node id="10131017902" visible="true" version="2" changeset="152975332" timestamp="2024-06-21T05:37:00Z" user="mamanakis" uid="20713" lat="41.7408340" lon="-111.8134329"/>
 <node id="10131017903" visible="true" version="1" changeset="128099485" timestamp="2022-10-26T19:38:33Z" user="Xvtn" uid="14249378" lat="41.7402491" lon="-111.8127131"/>
 <node id="10131017904" visible="true" version="1" changeset="128099485" timestamp="2022-10-26T19:38:33Z" user="Xvtn" uid="14249378" lat="41.7402491" lon="-111.8117535"/>
 <node id="10131017911" visible="true" version="2" changeset="152975332" timestamp="2024-06-21T05:37:00Z" user="mamanakis" uid="20713" lat="41.7415100" lon="-111.8128996"/>
 <node id="10131017912" visible="true" version="2" changeset="152975332" timestamp="2024-06-21T05:37:00Z" user="mamanakis" uid="20713" lat="41.7415184" lon="-111.8134109"/>
 <node id="10131017913" visible="true" version="2" changeset="152975332" timestamp="2024-06-21T05:37:00Z" user="mamanakis" uid="20713" lat="41.7409395" lon="-111.8134363"/>
 <node id="10131053524" visible="true" version="1" changeset="128099485" timestamp="2022-10-26T19:38:33Z" user="Xvtn" uid="14249378" lat="41.7402430" lon="-111.8128429"/>
 <node id="10131053525" visible="true" version="1" changeset="128099485" timestamp="2022-10-26T19:38:33Z" user="Xvtn" uid="14249378" lat="41.7402444" lon="-111.8131514"/>
 <node id="10131053626" visible="true" version="3" changeset="174669341" timestamp="2025-11-14T23:30:34Z" user="Sytys" uid="11660817" lat="41.7401172" lon="-111.8137326"/>
 <node id="10131053631" visible="true" version="4" changeset="153527868" timestamp="2024-07-04T05:45:25Z" user="mamanakis" uid="20713" lat="41.7407688" lon="-111.8134918"/>
 <node id="10147968389" visible="true" version="3" changeset="130834491" timestamp="2023-01-03T16:46:26Z" user="Xvtn" uid="14249378" lat="41.7407106" lon="-111.8135953">
  <tag k="artist_name" v="Avard T. Fairbanks"/>
  <tag k="artwork_type" v="bust"/>
  <tag k="material" v="bronze"/>
  <tag k="name" v="Washington, the President"/>
  <tag k="tourism" v="artwork"/>
 </node>
 <node id="10147968390" visible="true" version="2" changeset="130834491" timestamp="2023-01-03T16:46:26Z" user="Xvtn" uid="14249378" lat="41.7407940" lon="-111.8135949">
  <tag k="artist_name" v="Avard T. Fairbanks"/>
  <tag k="artwork_type" v="bust"/>
  <tag k="material" v="bronze"/>
  <tag k="name" v="Lincoln, the Frontiersman"/>
  <tag k="tourism" v="artwork"/>
 </node>
 <node id="10147968391" visible="true" version="2" changeset="153091810" timestamp="2024-06-24T03:09:55Z" user="mamanakis" uid="20713" lat="41.7411683" lon="-111.8135805">
  <tag k="artist_name" v="The Be-No Club"/>
  <tag k="artwork_type" v="sculpture"/>
  <tag k="material" v="concrete"/>
  <tag k="name" v="The Block A"/>
  <tag k="tourism" v="artwork"/>
 </node>
 <node id="10147968392" visible="true" version="1" changeset="128359212" timestamp="2022-11-01T18:34:52Z" user="Xvtn" uid="14249378" lat="41.7412267" lon="-111.8137177">
  <tag k="artist_name" v="James Russell"/>
  <tag k="artwork_type" v="sculpture"/>
  <tag k="material" v="steel"/>
  <tag k="name" v="Sojourn"/>
  <tag k="tourism" v="artwork"/>
 </node>
 <node id="10158146343" visible="true" version="2" changeset="152874165" timestamp="2024-06-19T04:57:12Z" user="mamanakis" uid="20713" lat="41.7415345" lon="-111.8128298"/>
 <node id="10158146344" visible="true" version="2" changeset="152874165" timestamp="2024-06-19T04:57:12Z" user="mamanakis" uid="20713" lat="41.7408999" lon="-111.8128269"/>
 <node id="10158146345" visible="true" version="3" changeset="153164663" timestamp="2024-06-25T16:15:46Z" user="mamanakis" uid="20713" lat="41.7408975" lon="-111.8134321"/>
 <node id="10158146346" visible="true" version="2" changeset="152874165" timestamp="2024-06-19T04:57:12Z" user="mamanakis" uid="20713" lat="41.7408678" lon="-111.8128229"/>
 <node id="10158146347" visible="true" version="3" changeset="153164663" timestamp="2024-06-25T16:15:46Z" user="mamanakis" uid="20713" lat="41.7408705" lon="-111.8134322"/>
 <node id="10158146348" visible="true" version="3" changeset="153164663" timestamp="2024-06-25T16:15:46Z" user="mamanakis" uid="20713" lat="41.7403434" lon="-111.8128191"/>
 <node id="10158146349" visible="true" version="3" changeset="153092971" timestamp="2024-06-24T04:28:43Z" user="mamanakis" uid="20713" lat="41.7408675" lon="-111.8127771"/>
 <node id="10158146350" visible="true" version="3" changeset="153092971" timestamp="2024-06-24T04:28:43Z" user="mamanakis" uid="20713" lat="41.7403436" lon="-111.8127740"/>
 <node id="10158146351" visible="true" version="3" changeset="153164663" timestamp="2024-06-25T16:15:46Z" user="mamanakis" uid="20713" lat="41.7408645" lon="-111.8115161"/>
 <node id="10158146352" visible="true" version="2" changeset="152874165" timestamp="2024-06-19T04:57:12Z" user="mamanakis" uid="20713" lat="41.7415333" lon="-111.8127799"/>
 <node id="10158146353" visible="true" version="2" changeset="152874165" timestamp="2024-06-19T04:57:12Z" user="mamanakis" uid="20713" lat="41.7408993" lon="-111.8127781"/>
 <node id="10158146354" visible="true" version="4" changeset="153164663" timestamp="2024-06-25T16:15:46Z" user="mamanakis" uid="20713" lat="41.7408921" lon="-111.8115141"/>
 <node id="10174508178" visible="true" version="3" changeset="153091939" timestamp="2024-06-24T03:20:22Z" user="mamanakis" uid="20713" lat="41.7415487" lon="-111.8121514"/>
 <node id="10174508468" visible="true" version="3" changeset="153092040" timestamp="2024-06-24T03:28:10Z" user="mamanakis" uid="20713" lat="41.7417579" lon="-111.8132179"/>
 <node id="10174564762" visible="true" version="2" changeset="152975332" timestamp="2024-06-21T05:37:00Z" user="mamanakis" uid="20713" lat="41.7415481" lon="-111.8121437"/>
 <node id="10174564768" visible="true" version="3" changeset="153683794" timestamp="2024-07-08T02:11:20Z" user="mamanakis" uid="20713" lat="41.7413762" lon="-111.8140566"/>
 <node id="10174564769" visible="true" version="1" changeset="128752249" timestamp="2022-11-10T21:37:02Z" user="Xvtn" uid="14249378" lat="41.7413902" lon="-111.8140164"/>
 <node id="10174564770" visible="true" version="2" changeset="153683794" timestamp="2024-07-08T02:11:20Z" user="mamanakis" uid="20713" lat="41.7414611" lon="-111.8138661"/>
 <node id="10174564771" visible="true" version="2" changeset="153092698" timestamp="2024-06-24T04:09:07Z" user="mamanakis" uid="20713" lat="41.7416484" lon="-111.8138640"/>
 <node id="10174564801" visible="true" version="3" changeset="153556162" timestamp="2024-07-04T16:45:56Z" user="mamanakis" uid="20713" lat="41.7415111" lon="-111.8134710"/>
 <node id="10174572925" visible="true" version="2" changeset="152874165" timestamp="2024-06-19T04:57:12Z" user="mamanakis" uid="20713" lat="41.7415114" lon="-111.8135129"/>
 <node id="10174572926" visible="true" version="2" changeset="153092810" timestamp="2024-06-24T04:18:11Z" user="mamanakis" uid="20713" lat="41.7413498" lon="-111.8140408"/>
 <node id="10174572927" visible="true" version="1" changeset="128752249" timestamp="2022-11-10T21:37:02Z" user="Xvtn" uid="14249378" lat="41.7415295" lon="-111.8135239"/>
 <node id="10174572942" visible="true" version="2" changeset="153091810" timestamp="2024-06-24T03:09:55Z" user="mamanakis" uid="20713" lat="41.7411805" lon="-111.8137939"/>
 <node id="10174572943" visible="true" version="2" changeset="153092443" timestamp="2024-06-24T03:54:26Z" user="mamanakis" uid="20713" lat="41.7413919" lon="-111.8141151"/>
 <node id="10174572944" visible="true" version="2" changeset="153092443" timestamp="2024-06-24T03:54:26Z" user="mamanakis" uid="20713" lat="41.7413869" lon="-111.8141387"/>
 <node id="10174572945" visible="true" version="2" changeset="153092443" timestamp="2024-06-24T03:54:26Z" user="mamanakis" uid="20713" lat="41.7413692" lon="-111.8141760"/>
 <node id="10174572946" visible="true" version="2" changeset="153092443" timestamp="2024-06-24T03:54:26Z" user="mamanakis" uid="20713" lat="41.7413351" lon="-111.8141767"/>
 <node id="10174572947" visible="true" version="3" changeset="153527324" timestamp="2024-07-04T05:19:58Z" user="mamanakis" uid="20713" lat="41.7412827" lon="-111.8143790"/>
 <node id="10174572948" visible="true" version="1" changeset="128752249" timestamp="2022-11-10T21:37:02Z" user="Xvtn" uid="14249378" lat="41.7412565" lon="-111.8143601"/>
 <node id="10174572949" visible="true" version="3" changeset="153527373" timestamp="2024-07-04T05:22:41Z" user="mamanakis" uid="20713" lat="41.7413164" lon="-111.8141294"/>
 <node id="10174572952" visible="true" version="2" changeset="153092810" timestamp="2024-06-24T04:18:11Z" user="mamanakis" uid="20713" lat="41.7412961" lon="-111.8140881"/>
 <node id="10174572953" visible="true" version="2" changeset="153092810" timestamp="2024-06-24T04:18:11Z" user="mamanakis" uid="20713" lat="41.7413144" lon="-111.8140556"/>
 <node id="10174572954" visible="true" version="2" changeset="153091810" timestamp="2024-06-24T03:09:55Z" user="mamanakis" uid="20713" lat="41.7412232" lon="-111.8139178"/>
 <node id="10174572955" visible="true" version="2" changeset="153091810" timestamp="2024-06-24T03:09:55Z" user="mamanakis" uid="20713" lat="41.7411273" lon="-111.8139132"/>
 <node id="10174572956" visible="true" version="2" changeset="153091810" timestamp="2024-06-24T03:09:55Z" user="mamanakis" uid="20713" lat="41.7411017" lon="-111.8136703"/>
 <node id="10174572957" visible="true" version="2" changeset="153527868" timestamp="2024-07-04T05:45:25Z" user="mamanakis" uid="20713" lat="41.7408964" lon="-111.8135900"/>
 <node id="10174572958" visible="true" version="2" changeset="153527868" timestamp="2024-07-04T05:45:25Z" user="mamanakis" uid="20713" lat="41.7408962" lon="-111.8136408"/>
 <node id="10174572959" visible="true" version="3" changeset="153527932" timestamp="2024-07-04T05:49:00Z" user="mamanakis" uid="20713" lat="41.7405932" lon="-111.8135955"/>
 <node id="10174572964" visible="true" version="3" changeset="153527963" timestamp="2024-07-04T05:50:54Z" user="mamanakis" uid="20713" lat="41.7405529" lon="-111.8135156"/>
 <node id="10174572965" visible="true" version="3" changeset="153527963" timestamp="2024-07-04T05:50:54Z" user="mamanakis" uid="20713" lat="41.7403011" lon="-111.8135195"/>
 <node id="10174572969" visible="true" version="2" changeset="153091810" timestamp="2024-06-24T03:09:55Z" user="mamanakis" uid="20713" lat="41.7411048" lon="-111.8134980"/>
 <node id="10174572970" visible="true" version="2" changeset="153092810" timestamp="2024-06-24T04:18:11Z" user="mamanakis" uid="20713" lat="41.7409493" lon="-111.8136765"/>
 <node id="10174572971" visible="true" version="2" changeset="153092810" timestamp="2024-06-24T04:18:11Z" user="mamanakis" uid="20713" lat="41.7409773" lon="-111.8136180"/>
 <node id="10174573034" visible="true" version="2" changeset="153092418" timestamp="2024-06-24T03:53:34Z" user="mamanakis" uid="20713" lat="41.7415575" lon="-111.8142212"/>
 <node id="10174573041" visible="true" version="2" changeset="153092443" timestamp="2024-06-24T03:54:26Z" user="mamanakis" uid="20713" lat="41.7413824" lon="-111.8141564"/>
 <node id="10174573047" visible="true" version="1" changeset="128752249" timestamp="2022-11-10T21:37:02Z" user="Xvtn" uid="14249378" lat="41.7402998" lon="-111.8134653"/>
 <node id="10174573080" visible="true" version="2" changeset="153165505" timestamp="2024-06-25T16:34:10Z" user="mamanakis" uid="20713" lat="41.7402071" lon="-111.8130469"/>
 <node id="10174573081" visible="true" version="2" changeset="153165505" timestamp="2024-06-25T16:34:10Z" user="mamanakis" uid="20713" lat="41.7402082" lon="-111.8129067"/>
 <node id="10174573082" visible="true" version="2" changeset="153165505" timestamp="2024-06-25T16:34:10Z" user="mamanakis" uid="20713" lat="41.7402241" lon="-111.8129069"/>
 <node id="10174573083" visible="true" version="2" changeset="153165505" timestamp="2024-06-25T16:34:10Z" user="mamanakis" uid="20713" lat="41.7402064" lon="-111.8125164"/>
 <node id="10174573087" visible="true" version="2" changeset="153165505" timestamp="2024-06-25T16:34:10Z" user="mamanakis" uid="20713" lat="41.7402046" lon="-111.8116868"/>
 <node id="10174573098" visible="true" version="3" changeset="153093412" timestamp="2024-06-24T04:51:45Z" user="mamanakis" uid="20713" lat="41.7402707" lon="-111.8127959"/>
 <node id="10174573104" visible="true" version="2" changeset="133630224" timestamp="2023-03-13T15:20:07Z" user="Xvtn" uid="14249378" lat="41.7401587" lon="-111.8138529"/>
 <node id="10174573105" visible="true" version="2" changeset="133630224" timestamp="2023-03-13T15:20:07Z" user="Xvtn" uid="14249378" lat="41.7402601" lon="-111.8138510"/>
 <node id="10174573107" visible="true" version="2" changeset="153528093" timestamp="2024-07-04T05:57:36Z" user="mamanakis" uid="20713" lat="41.7412592" lon="-111.8144139"/>
 <node id="10174573109" visible="true" version="2" changeset="153526023" timestamp="2024-07-04T04:02:20Z" user="mamanakis" uid="20713" lat="41.7405047" lon="-111.8146904"/>
 <node id="10174573126" visible="true" version="2" changeset="153526023" timestamp="2024-07-04T04:02:20Z" user="mamanakis" uid="20713" lat="41.7404891" lon="-111.8146476"/>
 <node id="10174573127" visible="true" version="2" changeset="153526023" timestamp="2024-07-04T04:02:20Z" user="mamanakis" uid="20713" lat="41.7404765" lon="-111.8146723"/>
 <node id="10174573128" visible="true" version="2" changeset="153526023" timestamp="2024-07-04T04:02:20Z" user="mamanakis" uid="20713" lat="41.7403811" lon="-111.8146718"/>
 <node id="10174573129" visible="true" version="2" changeset="153526023" timestamp="2024-07-04T04:02:20Z" user="mamanakis" uid="20713" lat="41.7403276" lon="-111.8146663"/>
 <node id="10174573130" visible="true" version="2" changeset="153526023" timestamp="2024-07-04T04:02:20Z" user="mamanakis" uid="20713" lat="41.7402864" lon="-111.8146511"/>
 <node id="10174573131" visible="true" version="2" changeset="153526023" timestamp="2024-07-04T04:02:20Z" user="mamanakis" uid="20713" lat="41.7403855" lon="-111.8144630"/>
 <node id="10174573132" visible="true" version="2" changeset="153526023" timestamp="2024-07-04T04:02:20Z" user="mamanakis" uid="20713" lat="41.7404388" lon="-111.8144848"/>
 <node id="10174573133" visible="true" version="2" changeset="153526023" timestamp="2024-07-04T04:02:20Z" user="mamanakis" uid="20713" lat="41.7404530" lon="-111.8145052"/>
 <node id="10174573256" visible="true" version="3" changeset="153164663" timestamp="2024-06-25T16:15:46Z" user="mamanakis" uid="20713" lat="41.7408852" lon="-111.8134321"/>
 <node id="10733027443" visible="true" version="3" changeset="153164663" timestamp="2024-06-25T16:15:46Z" user="mamanakis" uid="20713" lat="41.7403435" lon="-111.8127960"/>
 <node id="10733027444" visible="true" version="3" changeset="153527868" timestamp="2024-07-04T05:45:25Z" user="mamanakis" uid="20713" lat="41.7407984" lon="-111.8136395"/>
 <node id="10733027445" visible="true" version="2" changeset="153527868" timestamp="2024-07-04T05:45:25Z" user="mamanakis" uid="20713" lat="41.7407683" lon="-111.8137104"/>
 <node id="10733027446" visible="true" version="3" changeset="153527868" timestamp="2024-07-04T05:45:25Z" user="mamanakis" uid="20713" lat="41.7406931" lon="-111.8136419"/>
 <node id="10733027447" visible="true" version="3" changeset="153092810" timestamp="2024-06-24T04:18:11Z" user="mamanakis" uid="20713" lat="41.7410713" lon="-111.8135719"/>
 <node id="10733027448" visible="true" version="4" changeset="153528093" timestamp="2024-07-04T05:57:36Z" user="mamanakis" uid="20713" lat="41.7409677" lon="-111.8135686"/>
 <node id="10733027449" visible="true" version="3" changeset="153092810" timestamp="2024-06-24T04:18:11Z" user="mamanakis" uid="20713" lat="41.7409645" lon="-111.8134861"/>
 <node id="10733027451" visible="true" version="2" changeset="153092810" timestamp="2024-06-24T04:18:11Z" user="mamanakis" uid="20713" lat="41.7409647" lon="-111.8136153"/>
 <node id="10733027452" visible="true" version="2" changeset="153092810" timestamp="2024-06-24T04:18:11Z" user="mamanakis" uid="20713" lat="41.7409556" lon="-111.8136414"/>
 <node id="10733027453" visible="true" version="2" changeset="153092810" timestamp="2024-06-24T04:18:11Z" user="mamanakis" uid="20713" lat="41.7409391" lon="-111.8136669"/>
 <node id="10733027454" visible="true" version="2" changeset="153092810" timestamp="2024-06-24T04:18:11Z" user="mamanakis" uid="20713" lat="41.7409175" lon="-111.8136879"/>
 <node id="10733027455" visible="true" version="2" changeset="153527868" timestamp="2024-07-04T05:45:25Z" user="mamanakis" uid="20713" lat="41.7407038" lon="-111.8137096"/>
 <node id="10733027456" visible="true" version="3" changeset="153527868" timestamp="2024-07-04T05:45:25Z" user="mamanakis" uid="20713" lat="41.7406285" lon="-111.8136898"/>
 <node id="10733027457" visible="true" version="2" changeset="153527868" timestamp="2024-07-04T05:45:25Z" user="mamanakis" uid="20713" lat="41.7406042" lon="-111.8136642"/>
 <node id="10733027458" visible="true" version="2" changeset="153526994" timestamp="2024-07-04T05:01:48Z" user="mamanakis" uid="20713" lat="41.7408106" lon="-111.8137472"/>
 <node id="10733027459" visible="true" version="3" changeset="153526994" timestamp="2024-07-04T05:01:48Z" user="mamanakis" uid="20713" lat="41.7408079" lon="-111.8136946"/>
 <node id="10733027460" visible="true" version="4" changeset="153527868" timestamp="2024-07-04T05:45:25Z" user="mamanakis" uid="20713" lat="41.7407258" lon="-111.8136942"/>
 <node id="10733027461" visible="true" version="2" changeset="153526994" timestamp="2024-07-04T05:01:48Z" user="mamanakis" uid="20713" lat="41.7407259" lon="-111.8137481"/>
 <node id="10733027462" visible="true" version="3" changeset="153527868" timestamp="2024-07-04T05:45:25Z" user="mamanakis" uid="20713" lat="41.7405829" lon="-111.8135756"/>
 <node id="10733027463" visible="true" version="2" changeset="153683794" timestamp="2024-07-08T02:11:20Z" user="mamanakis" uid="20713" lat="41.7419230" lon="-111.8142820"/>
 <node id="10733031435" visible="true" version="2" changeset="153092810" timestamp="2024-06-24T04:18:11Z" user="mamanakis" uid="20713" lat="41.7409678" lon="-111.8135846"/>
 <node id="10733031436" visible="true" version="3" changeset="153527868" timestamp="2024-07-04T05:45:25Z" user="mamanakis" uid="20713" lat="41.7406127" lon="-111.8136760"/>
 <node id="10733031437" visible="true" version="3" changeset="153527868" timestamp="2024-07-04T05:45:25Z" user="mamanakis" uid="20713" lat="41.7407704" lon="-111.8136382"/>
 <node id="11002542822" visible="true" version="2" changeset="153527868" timestamp="2024-07-04T05:45:25Z" user="mamanakis" uid="20713" lat="41.7405867" lon="-111.8136816"/>
 <node id="11002542823" visible="true" version="2" changeset="153527868" timestamp="2024-07-04T05:45:25Z" user="mamanakis" uid="20713" lat="41.7405959" lon="-111.8136847"/>
 <node id="11002542824" visible="true" version="2" changeset="153527868" timestamp="2024-07-04T05:45:25Z" user="mamanakis" uid="20713" lat="41.7406441" lon="-111.8137204"/>
 <node id="11002542825" visible="true" version="2" changeset="153527868" timestamp="2024-07-04T05:45:25Z" user="mamanakis" uid="20713" lat="41.7406303" lon="-111.8137473"/>
 <node id="11002542826" visible="true" version="3" changeset="153527932" timestamp="2024-07-04T05:49:00Z" user="mamanakis" uid="20713" lat="41.7406149" lon="-111.8137475"/>
 <node id="11002542827" visible="true" version="2" changeset="153527868" timestamp="2024-07-04T05:45:25Z" user="mamanakis" uid="20713" lat="41.7406143" lon="-111.8138254"/>
 <node id="11002542828" visible="true" version="3" changeset="153527868" timestamp="2024-07-04T05:45:25Z" user="mamanakis" uid="20713" lat="41.7406460" lon="-111.8138248"/>
 <node id="11002542836" visible="true" version="3" changeset="147909084" timestamp="2024-02-25T21:17:45Z" user="Xvtn" uid="14249378" lat="41.7402721" lon="-111.8131025"/>
 <node id="11002591080" visible="true" version="2" changeset="153526023" timestamp="2024-07-04T04:02:20Z" user="mamanakis" uid="20713" lat="41.7401214" lon="-111.8146082"/>
 <node id="11002591081" visible="true" version="2" changeset="153526023" timestamp="2024-07-04T04:02:20Z" user="mamanakis" uid="20713" lat="41.7400833" lon="-111.8144767"/>
 <node id="11002591082" visible="true" version="2" changeset="153526023" timestamp="2024-07-04T04:02:20Z" user="mamanakis" uid="20713" lat="41.7402326" lon="-111.8147380"/>
 <node id="11002591084" visible="true" version="1" changeset="137708677" timestamp="2023-06-24T04:26:29Z" user="mamanakis" uid="20713" lat="41.7403090" lon="-111.8147691"/>
 <node id="11002591087" visible="true" version="2" changeset="153526023" timestamp="2024-07-04T04:02:20Z" user="mamanakis" uid="20713" lat="41.7401930" lon="-111.8147061"/>
 <node id="11002613217" visible="true" version="1" changeset="137708640" timestamp="2023-06-24T04:24:08Z" user="mamanakis" uid="20713" lat="41.7411104" lon="-111.8147685"/>
 <node id="11002613229" visible="true" version="4" changeset="153526023" timestamp="2024-07-04T04:02:20Z" user="mamanakis" uid="20713" lat="41.7408211" lon="-111.8149335"/>
 <node id="11002613237" visible="true" version="2" changeset="153526023" timestamp="2024-07-04T04:02:20Z" user="mamanakis" uid="20713" lat="41.7406221" lon="-111.8149209"/>
 <node id="11002613238" visible="true" version="2" changeset="153526023" timestamp="2024-07-04T04:02:20Z" user="mamanakis" uid="20713" lat="41.7407138" lon="-111.8149342"/>
 <node id="11002613247" visible="true" version="1" changeset="137708640" timestamp="2023-06-24T04:24:08Z" user="mamanakis" uid="20713" lat="41.7410928" lon="-111.8147804"/>
 <node id="11002613248" visible="true" version="2" changeset="153526023" timestamp="2024-07-04T04:02:20Z" user="mamanakis" uid="20713" lat="41.7405049" lon="-111.8148476"/>
 <node id="11002613249" visible="true" version="2" changeset="137926126" timestamp="2023-06-29T16:32:33Z" user="Xvtn" uid="14249378" lat="41.7408902" lon="-111.8149366"/>
 <node id="11002613256" visible="true" version="1" changeset="137708640" timestamp="2023-06-24T04:24:08Z" user="mamanakis" uid="20713" lat="41.7409208" lon="-111.8149511"/>
 <node id="11002613257" visible="true" version="2" changeset="153526023" timestamp="2024-07-04T04:02:20Z" user="mamanakis" uid="20713" lat="41.7409915" lon="-111.8149293"/>
 <node id="11002613258" visible="true" version="1" changeset="137708640" timestamp="2023-06-24T04:24:08Z" user="mamanakis" uid="20713" lat="41.7406650" lon="-111.8149481"/>
 <node id="11002613260" visible="true" version="2" changeset="153526023" timestamp="2024-07-04T04:02:20Z" user="mamanakis" uid="20713" lat="41.7405710" lon="-111.8148996"/>
 <node id="11002613265" visible="true" version="2" changeset="153526023" timestamp="2024-07-04T04:02:20Z" user="mamanakis" uid="20713" lat="41.7406347" lon="-111.8149456"/>
 <node id="11002613274" visible="true" version="2" changeset="153526023" timestamp="2024-07-04T04:02:20Z" user="mamanakis" uid="20713" lat="41.7405101" lon="-111.8148312"/>
 <node id="11002613277" visible="true" version="2" changeset="153526023" timestamp="2024-07-04T04:02:20Z" user="mamanakis" uid="20713" lat="41.7405564" lon="-111.8149039"/>
 <node id="11002613285" visible="true" version="2" changeset="153526023" timestamp="2024-07-04T04:02:20Z" user="mamanakis" uid="20713" lat="41.7408421" lon="-111.8149542"/>
 <node id="11002613288" visible="true" version="1" changeset="137708640" timestamp="2023-06-24T04:24:08Z" user="mamanakis" uid="20713" lat="41.7411388" lon="-111.8147606"/>
 <node id="11002613297" visible="true" version="2" changeset="153526023" timestamp="2024-07-04T04:02:20Z" user="mamanakis" uid="20713" lat="41.7404938" lon="-111.8148125"/>
 <node id="11002618309" visible="true" version="2" changeset="153526023" timestamp="2024-07-04T04:02:20Z" user="mamanakis" uid="20713" lat="41.7410258" lon="-111.8148980"/>
 <node id="11002618314" visible="true" version="2" changeset="153526023" timestamp="2024-07-04T04:02:20Z" user="mamanakis" uid="20713" lat="41.7410677" lon="-111.8148146"/>
 <node id="11002618321" visible="true" version="1" changeset="137708640" timestamp="2023-06-24T04:24:08Z" user="mamanakis" uid="20713" lat="41.7408829" lon="-111.8149508"/>
 <node id="11002618346" visible="true" version="2" changeset="153526023" timestamp="2024-07-04T04:02:20Z" user="mamanakis" uid="20713" lat="41.7406075" lon="-111.8149333"/>
 <node id="11002618348" visible="true" version="2" changeset="153526023" timestamp="2024-07-04T04:02:20Z" user="mamanakis" uid="20713" lat="41.7405841" lon="-111.8149209"/>
 <node id="11009488889" visible="true" version="2" changeset="153092213" timestamp="2024-06-24T03:40:57Z" user="mamanakis" uid="20713" lat="41.7424089" lon="-111.8130695"/>
 <node id="11009493225" visible="true" version="1" changeset="137815375" timestamp="2023-06-27T03:35:31Z" user="mamanakis" uid="20713" lat="41.7405145" lon="-111.8101538"/>
 <node id="11009493236" visible="true" version="2" changeset="153052483" timestamp="2024-06-23T04:29:11Z" user="mamanakis" uid="20713" lat="41.7403030" lon="-111.8113302"/>
 <node id="11009493243" visible="true" version="2" changeset="153052483" timestamp="2024-06-23T04:29:11Z" user="mamanakis" uid="20713" lat="41.7403038" lon="-111.8114664"/>
 <node id="11009493251" visible="true" version="3" changeset="153683794" timestamp="2024-07-08T02:11:20Z" user="mamanakis" uid="20713" lat="41.7412737" lon="-111.8146093"/>
 <node id="11009493260" visible="true" version="3" changeset="153683794" timestamp="2024-07-08T02:11:20Z" user="mamanakis" uid="20713" lat="41.7413973" lon="-111.8146559"/>
 <node id="11009493267" visible="true" version="2" changeset="153052483" timestamp="2024-06-23T04:29:11Z" user="mamanakis" uid="20713" lat="41.7403057" lon="-111.8112737"/>
 <node id="11009493272" visible="true" version="1" changeset="137815375" timestamp="2023-06-27T03:35:31Z" user="mamanakis" uid="20713" lat="41.7405377" lon="-111.8107940"/>
 <node id="11009493281" visible="true" version="3" changeset="153683794" timestamp="2024-07-08T02:11:20Z" user="mamanakis" uid="20713" lat="41.7413701" lon="-111.8147852"/>
 <node id="11009493291" visible="true" version="2" changeset="153052483" timestamp="2024-06-23T04:29:11Z" user="mamanakis" uid="20713" lat="41.7403402" lon="-111.8111621"/>
 <node id="11009493298" visible="true" version="1" changeset="137815375" timestamp="2023-06-27T03:35:31Z" user="mamanakis" uid="20713" lat="41.7403642" lon="-111.8111279"/>
 <node id="11009493302" visible="true" version="3" changeset="153683794" timestamp="2024-07-08T02:11:20Z" user="mamanakis" uid="20713" lat="41.7412466" lon="-111.8147386"/>
 <node id="11010592900" visible="true" version="3" changeset="153526023" timestamp="2024-07-04T04:02:20Z" user="mamanakis" uid="20713" lat="41.7409518" lon="-111.8145593"/>
 <node id="11010592901" visible="true" version="2" changeset="153526023" timestamp="2024-07-04T04:02:20Z" user="mamanakis" uid="20713" lat="41.7411601" lon="-111.8145360"/>
 <node id="11010592902" visible="true" version="2" changeset="153526023" timestamp="2024-07-04T04:02:20Z" user="mamanakis" uid="20713" lat="41.7408131" lon="-111.8146023"/>
 <node id="11010592903" visible="true" version="2" changeset="153526023" timestamp="2024-07-04T04:02:20Z" user="mamanakis" uid="20713" lat="41.7409210" lon="-111.8145785"/>
 <node id="11010592904" visible="true" version="2" changeset="153526023" timestamp="2024-07-04T04:02:20Z" user="mamanakis" uid="20713" lat="41.7410549" lon="-111.8146154"/>
 <node id="11010623605" visible="true" version="2" changeset="153526023" timestamp="2024-07-04T04:02:20Z" user="mamanakis" uid="20713" lat="41.7410089" lon="-111.8145891"/>
 <node id="11010623606" visible="true" version="2" changeset="153527270" timestamp="2024-07-04T05:16:21Z" user="mamanakis" uid="20713" lat="41.7404735" lon="-111.8146860"/>
 <node id="11010888041" visible="true" version="2" changeset="152874165" timestamp="2024-06-19T04:57:12Z" user="mamanakis" uid="20713" lat="41.7412082" lon="-111.8134738"/>
 <node id="11010888042" visible="true" version="2" changeset="153091810" timestamp="2024-06-24T03:09:55Z" user="mamanakis" uid="20713" lat="41.7411191" lon="-111.8136802"/>
 <node id="11010888043" visible="true" version="3" changeset="153527324" timestamp="2024-07-04T05:19:58Z" user="mamanakis" uid="20713" lat="41.7409381" lon="-111.8142593"/>
 <node id="11010888044" visible="true" version="1" changeset="137848034" timestamp="2023-06-27T18:38:00Z" user="mamanakis" uid="20713" lat="41.7409872" lon="-111.8142731"/>
 <node id="11010888045" visible="true" version="2" changeset="153526023" timestamp="2024-07-04T04:02:20Z" user="mamanakis" uid="20713" lat="41.7412226" lon="-111.8144354"/>
 <node id="11014269759" visible="true" version="1" changeset="137926126" timestamp="2023-06-29T16:32:33Z" user="Xvtn" uid="14249378" lat="41.7405387" lon="-111.8103375"/>
 <node id="11098386706" visible="true" version="2" changeset="153526023" timestamp="2024-07-04T04:02:20Z" user="mamanakis" uid="20713" lat="41.7412005" lon="-111.8144172"/>
 <node id="11203309075" visible="true" version="2" changeset="152975332" timestamp="2024-06-21T05:37:00Z" user="mamanakis" uid="20713" lat="41.7403539" lon="-111.8134423"/>
 <node id="11203309076" visible="true" version="2" changeset="152975332" timestamp="2024-06-21T05:37:00Z" user="mamanakis" uid="20713" lat="41.7403253" lon="-111.8133683"/>
 <node id="11203309077" visible="true" version="2" changeset="152975332" timestamp="2024-06-21T05:37:00Z" user="mamanakis" uid="20713" lat="41.7403327" lon="-111.8134020"/>
 <node id="11203309082" visible="true" version="2" changeset="152874165" timestamp="2024-06-19T04:57:12Z" user="mamanakis" uid="20713" lat="41.7401156" lon="-111.8143036"/>
 <node id="11223389133" visible="true" version="4" changeset="170131567" timestamp="2025-08-08T00:41:40Z" user="Xvtn" uid="14249378" lat="41.7415259" lon="-111.8090641"/>
 <node id="11223389134" visible="true" version="3" changeset="170131567" timestamp="2025-08-08T00:41:40Z" user="Xvtn" uid="14249378" lat="41.7415215" lon="-111.8089699"/>
 <node id="11587880453" visible="true" version="2" changeset="152874165" timestamp="2024-06-19T04:57:12Z" user="mamanakis" uid="20713" lat="41.7412023" lon="-111.8134942"/>
 <node id="11587880454" visible="true" version="2" changeset="153091810" timestamp="2024-06-24T03:09:55Z" user="mamanakis" uid="20713" lat="41.7411296" lon="-111.8136704"/>
 <node id="11587880455" visible="true" version="2" changeset="153526023" timestamp="2024-07-04T04:02:20Z" user="mamanakis" uid="20713" lat="41.7409455" lon="-111.8145247"/>
 <node id="11991311633" visible="true" version="1" changeset="152874165" timestamp="2024-06-19T04:57:12Z" user="mamanakis" uid="20713" lat="41.7403224" lon="-111.8147356"/>
 <node id="11991311635" visible="true" version="1" changeset="152874165" timestamp="2024-06-19T04:57:12Z" user="mamanakis" uid="20713" lat="41.7415065" lon="-111.8134956"/>
 <node id="11991311636" visible="true" version="1" changeset="152874165" timestamp="2024-06-19T04:57:12Z" user="mamanakis" uid="20713" lat="41.7401570" lon="-111.8144773"/>
 <node id="11991311638" visible="true" version="2" changeset="153091810" timestamp="2024-06-24T03:09:55Z" user="mamanakis" uid="20713" lat="41.7411684" lon="-111.8135525"/>
 <node id="11991311639" visible="true" version="1" changeset="152874165" timestamp="2024-06-19T04:57:12Z" user="mamanakis" uid="20713" lat="41.7402142" lon="-111.8146754"/>
 <node id="11991311641" visible="true" version="1" changeset="152874165" timestamp="2024-06-19T04:57:12Z" user="mamanakis" uid="20713" lat="41.7401191" lon="-111.8144968"/>
 <node id="11991311642" visible="true" version="1" changeset="152874165" timestamp="2024-06-19T04:57:12Z" user="mamanakis" uid="20713" lat="41.7401958" lon="-111.8145744"/>
 <node id="11991311643" visible="true" version="2" changeset="153091810" timestamp="2024-06-24T03:09:55Z" user="mamanakis" uid="20713" lat="41.7411898" lon="-111.8135784"/>
 <node id="11998234947" visible="true" version="2" changeset="153164663" timestamp="2024-06-25T16:15:46Z" user="mamanakis" uid="20713" lat="41.7408505" lon="-111.8134322"/>
 <node id="11998234948" visible="true" version="1" changeset="152975332" timestamp="2024-06-21T05:37:00Z" user="mamanakis" uid="20713" lat="41.7403372" lon="-111.8132216"/>
 <node id="11998234949" visible="true" version="2" changeset="153164663" timestamp="2024-06-25T16:15:46Z" user="mamanakis" uid="20713" lat="41.7403808" lon="-111.8134688"/>
 <node id="11998234950" visible="true" version="1" changeset="152975332" timestamp="2024-06-21T05:37:00Z" user="mamanakis" uid="20713" lat="41.7409196" lon="-111.8134664"/>
 <node id="11998234952" visible="true" version="2" changeset="153164663" timestamp="2024-06-25T16:15:46Z" user="mamanakis" uid="20713" lat="41.7408507" lon="-111.8134640"/>
 <node id="11998234953" visible="true" version="1" changeset="152975332" timestamp="2024-06-21T05:37:00Z" user="mamanakis" uid="20713" lat="41.7403283" lon="-111.8132486"/>
 <node id="11998234954" visible="true" version="1" changeset="152975332" timestamp="2024-06-21T05:37:00Z" user="mamanakis" uid="20713" lat="41.7404054" lon="-111.8134795"/>
 <node id="11998234955" visible="true" version="1" changeset="152975332" timestamp="2024-06-21T05:37:00Z" user="mamanakis" uid="20713" lat="41.7403420" lon="-111.8131705"/>
 <node id="11998234956" visible="true" version="2" changeset="153164663" timestamp="2024-06-25T16:15:46Z" user="mamanakis" uid="20713" lat="41.7409193" lon="-111.8134318"/>
 <node id="11998234957" visible="true" version="1" changeset="152975332" timestamp="2024-06-21T05:37:00Z" user="mamanakis" uid="20713" lat="41.7415015" lon="-111.8134555"/>
 <node id="11998234958" visible="true" version="1" changeset="152975332" timestamp="2024-06-21T05:37:00Z" user="mamanakis" uid="20713" lat="41.7403169" lon="-111.8132734"/>
 <node id="12001803548" visible="true" version="1" changeset="153050782" timestamp="2024-06-23T02:21:11Z" user="mamanakis" uid="20713" lat="41.7415204" lon="-111.8094501"/>
 <node id="12001956240" visible="true" version="2" changeset="153093255" timestamp="2024-06-24T04:42:27Z" user="mamanakis" uid="20713" lat="41.7415284" lon="-111.8102445"/>
 <node id="12004924753" visible="true" version="1" changeset="153091810" timestamp="2024-06-24T03:09:55Z" user="mamanakis" uid="20713" lat="41.7411695" lon="-111.8136071"/>
 <node id="12004924754" visible="true" version="1" changeset="153091810" timestamp="2024-06-24T03:09:55Z" user="mamanakis" uid="20713" lat="41.7414603" lon="-111.8134873"/>
 <node id="12004924755" visible="true" version="1" changeset="153091810" timestamp="2024-06-24T03:09:55Z" user="mamanakis" uid="20713" lat="41.7411034" lon="-111.8136171"/>
 <node id="12004924756" visible="true" version="1" changeset="153091810" timestamp="2024-06-24T03:09:55Z" user="mamanakis" uid="20713" lat="41.7412074" lon="-111.8138473"/>
 <node id="12004924757" visible="true" version="1" changeset="153091810" timestamp="2024-06-24T03:09:55Z" user="mamanakis" uid="20713" lat="41.7414864" lon="-111.8134861"/>
 <node id="12004924758" visible="true" version="1" changeset="153091810" timestamp="2024-06-24T03:09:55Z" user="mamanakis" uid="20713" lat="41.7411487" lon="-111.8135814"/>
 <node id="12005099882" visible="true" version="1" changeset="153092040" timestamp="2024-06-24T03:28:10Z" user="mamanakis" uid="20713" lat="41.7415576" lon="-111.8130658"/>
 <node id="12005099884" visible="true" version="1" changeset="153092040" timestamp="2024-06-24T03:28:10Z" user="mamanakis" uid="20713" lat="41.7418023" lon="-111.8131749"/>
 <node id="12005127435" visible="true" version="1" changeset="153092443" timestamp="2024-06-24T03:54:26Z" user="mamanakis" uid="20713" lat="41.7413924" lon="-111.8140901"/>
 <node id="12005127436" visible="true" version="1" changeset="153092443" timestamp="2024-06-24T03:54:26Z" user="mamanakis" uid="20713" lat="41.7415451" lon="-111.8141791"/>
 <node id="12005127437" visible="true" version="1" changeset="153092443" timestamp="2024-06-24T03:54:26Z" user="mamanakis" uid="20713" lat="41.7414895" lon="-111.8141387"/>
 <node id="12005127438" visible="true" version="1" changeset="153092443" timestamp="2024-06-24T03:54:26Z" user="mamanakis" uid="20713" lat="41.7413833" lon="-111.8140665"/>
 <node id="12005284432" visible="true" version="1" changeset="153092213" timestamp="2024-06-24T03:40:57Z" user="mamanakis" uid="20713" lat="41.7419061" lon="-111.8131622"/>
 <node id="12005322680" visible="true" version="1" changeset="153092810" timestamp="2024-06-24T04:18:11Z" user="mamanakis" uid="20713" lat="41.7413346" lon="-111.8140427"/>
 <node id="12005322681" visible="true" version="1" changeset="153092810" timestamp="2024-06-24T04:18:11Z" user="mamanakis" uid="20713" lat="41.7410148" lon="-111.8134330"/>
 <node id="12005322683" visible="true" version="1" changeset="153092810" timestamp="2024-06-24T04:18:11Z" user="mamanakis" uid="20713" lat="41.7408940" lon="-111.8137003"/>
 <node id="12005322684" visible="true" version="1" changeset="153092810" timestamp="2024-06-24T04:18:11Z" user="mamanakis" uid="20713" lat="41.7413116" lon="-111.8142019"/>
 <node id="12005322685" visible="true" version="1" changeset="153092810" timestamp="2024-06-24T04:18:11Z" user="mamanakis" uid="20713" lat="41.7409628" lon="-111.8136535"/>
 <node id="12005322686" visible="true" version="1" changeset="153092810" timestamp="2024-06-24T04:18:11Z" user="mamanakis" uid="20713" lat="41.7413214" lon="-111.8141985"/>
 <node id="12005322687" visible="true" version="1" changeset="153092810" timestamp="2024-06-24T04:18:11Z" user="mamanakis" uid="20713" lat="41.7412832" lon="-111.8142415"/>
 <node id="12005322688" visible="true" version="1" changeset="153092810" timestamp="2024-06-24T04:18:11Z" user="mamanakis" uid="20713" lat="41.7413261" lon="-111.8141513"/>
 <node id="12005322690" visible="true" version="1" changeset="153092810" timestamp="2024-06-24T04:18:11Z" user="mamanakis" uid="20713" lat="41.7412993" lon="-111.8142207"/>
 <node id="12005322691" visible="true" version="1" changeset="153092810" timestamp="2024-06-24T04:18:11Z" user="mamanakis" uid="20713" lat="41.7408567" lon="-111.8137073"/>
 <node id="12005322693" visible="true" version="1" changeset="153092810" timestamp="2024-06-24T04:18:11Z" user="mamanakis" uid="20713" lat="41.7413149" lon="-111.8141673"/>
 <node id="12005322696" visible="true" version="1" changeset="153092810" timestamp="2024-06-24T04:18:11Z" user="mamanakis" uid="20713" lat="41.7413003" lon="-111.8140758"/>
 <node id="12005322698" visible="true" version="1" changeset="153092810" timestamp="2024-06-24T04:18:11Z" user="mamanakis" uid="20713" lat="41.7412725" lon="-111.8142625"/>
 <node id="12005322699" visible="true" version="1" changeset="153092810" timestamp="2024-06-24T04:18:11Z" user="mamanakis" uid="20713" lat="41.7409207" lon="-111.8137041"/>
 <node id="12005332288" visible="true" version="1" changeset="153092698" timestamp="2024-06-24T04:09:07Z" user="mamanakis" uid="20713" lat="41.7416794" lon="-111.8138851"/>
 <node id="12008093529" visible="true" version="1" changeset="153134081" timestamp="2024-06-25T00:27:59Z" user="mamanakis" uid="20713" lat="41.7404909" lon="-111.8136354"/>
 <node id="12008093530" visible="true" version="1" changeset="153134081" timestamp="2024-06-25T00:27:59Z" user="mamanakis" uid="20713" lat="41.7404909" lon="-111.8135626"/>
 <node id="12008093531" visible="true" version="1" changeset="153134081" timestamp="2024-06-25T00:27:59Z" user="mamanakis" uid="20713" lat="41.7405370" lon="-111.8138645"/>
 <node id="12008093533" visible="true" version="1" changeset="153134081" timestamp="2024-06-25T00:27:59Z" user="mamanakis" uid="20713" lat="41.7405252" lon="-111.8138816"/>
 <node id="12008093534" visible="true" version="1" changeset="153134081" timestamp="2024-06-25T00:27:59Z" user="mamanakis" uid="20713" lat="41.7402805" lon="-111.8136895"/>
 <node id="12008093535" visible="true" version="2" changeset="153527993" timestamp="2024-07-04T05:52:31Z" user="mamanakis" uid="20713" lat="41.7405478" lon="-111.8136354"/>
 <node id="12008093536" visible="true" version="2" changeset="153527963" timestamp="2024-07-04T05:50:54Z" user="mamanakis" uid="20713" lat="41.7405478" lon="-111.8135626"/>
 <node id="12008093537" visible="true" version="1" changeset="153134081" timestamp="2024-06-25T00:27:59Z" user="mamanakis" uid="20713" lat="41.7405561" lon="-111.8138507"/>
 <node id="12008093538" visible="true" version="2" changeset="153527186" timestamp="2024-07-04T05:11:13Z" user="mamanakis" uid="20713" lat="41.7405270" lon="-111.8139217"/>
 <node id="12008093539" visible="true" version="2" changeset="153527868" timestamp="2024-07-04T05:45:25Z" user="mamanakis" uid="20713" lat="41.7405954" lon="-111.8136495"/>
 <node id="12008114238" visible="true" version="1" changeset="153134053" timestamp="2024-06-25T00:25:59Z" user="mamanakis" uid="20713" lat="41.7405468" lon="-111.8137259"/>
 <node id="12008114239" visible="true" version="1" changeset="153134053" timestamp="2024-06-25T00:25:59Z" user="mamanakis" uid="20713" lat="41.7402776" lon="-111.8137654"/>
 <node id="12008114240" visible="true" version="1" changeset="153134053" timestamp="2024-06-25T00:25:59Z" user="mamanakis" uid="20713" lat="41.7405450" lon="-111.8136958"/>
 <node id="12008114241" visible="true" version="1" changeset="153134053" timestamp="2024-06-25T00:25:59Z" user="mamanakis" uid="20713" lat="41.7405516" lon="-111.8137463"/>
 <node id="12008114242" visible="true" version="1" changeset="153134053" timestamp="2024-06-25T00:25:59Z" user="mamanakis" uid="20713" lat="41.7405746" lon="-111.8137623"/>
 <node id="12008114243" visible="true" version="1" changeset="153134053" timestamp="2024-06-25T00:25:59Z" user="mamanakis" uid="20713" lat="41.7403287" lon="-111.8138707"/>
 <node id="12008114244" visible="true" version="2" changeset="153527868" timestamp="2024-07-04T05:45:25Z" user="mamanakis" uid="20713" lat="41.7405854" lon="-111.8136110"/>
 <node id="12008114245" visible="true" version="2" changeset="153527868" timestamp="2024-07-04T05:45:25Z" user="mamanakis" uid="20713" lat="41.7406712" lon="-111.8137070"/>
 <node id="12008114246" visible="true" version="2" changeset="153527868" timestamp="2024-07-04T05:45:25Z" user="mamanakis" uid="20713" lat="41.7406477" lon="-111.8137013"/>
 <node id="12008114247" visible="true" version="1" changeset="153134053" timestamp="2024-06-25T00:25:59Z" user="mamanakis" uid="20713" lat="41.7405608" lon="-111.8137585"/>
 <node id="12009848263" visible="true" version="2" changeset="158025693" timestamp="2024-10-17T21:46:18Z" user="Xvtn" uid="14249378" lat="41.7402278" lon="-111.8127541">
  <tag k="amenity" v="bench"/>
  <tag k="backrest" v="yes"/>
 </node>
 <node id="12009848264" visible="true" version="2" changeset="158025693" timestamp="2024-10-17T21:46:19Z" user="Xvtn" uid="14249378" lat="41.7402353" lon="-111.8128256">
  <tag k="amenity" v="bench"/>
  <tag k="backrest" v="yes"/>
 </node>
 <node id="12009851394" visible="true" version="1" changeset="153164663" timestamp="2024-06-25T16:15:46Z" user="mamanakis" uid="20713" lat="41.7408761" lon="-111.8115155"/>
 <node id="12009851396" visible="true" version="1" changeset="153164663" timestamp="2024-06-25T16:15:46Z" user="mamanakis" uid="20713" lat="41.7415339" lon="-111.8128060"/>
 <node id="12009855029" visible="true" version="1" changeset="153163956" timestamp="2024-06-25T15:58:17Z" user="mamanakis" uid="20713" lat="41.7418643" lon="-111.8071757"/>
 <node id="12009855037" visible="true" version="1" changeset="153163956" timestamp="2024-06-25T15:58:17Z" user="mamanakis" uid="20713" lat="41.7419046" lon="-111.8068428"/>
 <node id="12032258825" visible="true" version="1" changeset="153526023" timestamp="2024-07-04T04:02:20Z" user="mamanakis" uid="20713" lat="41.7407441" lon="-111.8149194"/>
 <node id="12032258826" visible="true" version="1" changeset="153526023" timestamp="2024-07-04T04:02:20Z" user="mamanakis" uid="20713" lat="41.7410349" lon="-111.8148239"/>
 <node id="12032258827" visible="true" version="1" changeset="153526023" timestamp="2024-07-04T04:02:20Z" user="mamanakis" uid="20713" lat="41.7406339" lon="-111.8145938"/>
 <node id="12032258828" visible="true" version="1" changeset="153526023" timestamp="2024-07-04T04:02:20Z" user="mamanakis" uid="20713" lat="41.7408221" lon="-111.8148863"/>
 <node id="12032258829" visible="true" version="1" changeset="153526023" timestamp="2024-07-04T04:02:20Z" user="mamanakis" uid="20713" lat="41.7410436" lon="-111.8147996"/>
 <node id="12032258830" visible="true" version="1" changeset="153526023" timestamp="2024-07-04T04:02:20Z" user="mamanakis" uid="20713" lat="41.7409269" lon="-111.8149354"/>
 <node id="12032258831" visible="true" version="1" changeset="153526023" timestamp="2024-07-04T04:02:20Z" user="mamanakis" uid="20713" lat="41.7404089" lon="-111.8144662"/>
 <node id="12032258832" visible="true" version="1" changeset="153526023" timestamp="2024-07-04T04:02:20Z" user="mamanakis" uid="20713" lat="41.7410442" lon="-111.8147638"/>
 <node id="12032258833" visible="true" version="1" changeset="153526023" timestamp="2024-07-04T04:02:20Z" user="mamanakis" uid="20713" lat="41.7402177" lon="-111.8141770"/>
 <node id="12032258834" visible="true" version="1" changeset="153526023" timestamp="2024-07-04T04:02:20Z" user="mamanakis" uid="20713" lat="41.7407547" lon="-111.8148847"/>
 <node id="12032258835" visible="true" version="1" changeset="153526023" timestamp="2024-07-04T04:02:20Z" user="mamanakis" uid="20713" lat="41.7409490" lon="-111.8149116"/>
 <node id="12032258836" visible="true" version="1" changeset="153526023" timestamp="2024-07-04T04:02:20Z" user="mamanakis" uid="20713" lat="41.7409680" lon="-111.8149025"/>
 <node id="12032258837" visible="true" version="1" changeset="153526023" timestamp="2024-07-04T04:02:20Z" user="mamanakis" uid="20713" lat="41.7409191" lon="-111.8149201"/>
 <node id="12032258838" visible="true" version="1" changeset="153526023" timestamp="2024-07-04T04:02:20Z" user="mamanakis" uid="20713" lat="41.7407999" lon="-111.8149995"/>
 <node id="12032258839" visible="true" version="1" changeset="153526023" timestamp="2024-07-04T04:02:20Z" user="mamanakis" uid="20713" lat="41.7411495" lon="-111.8147423"/>
 <node id="12032258840" visible="true" version="1" changeset="153526023" timestamp="2024-07-04T04:02:20Z" user="mamanakis" uid="20713" lat="41.7413465" lon="-111.8149212"/>
 <node id="12032258841" visible="true" version="2" changeset="153527270" timestamp="2024-07-04T05:16:21Z" user="mamanakis" uid="20713" lat="41.7405714" lon="-111.8145561"/>
 <node id="12032258842" visible="true" version="1" changeset="153526023" timestamp="2024-07-04T04:02:20Z" user="mamanakis" uid="20713" lat="41.7402256" lon="-111.8143051"/>
 <node id="12032258843" visible="true" version="1" changeset="153526023" timestamp="2024-07-04T04:02:20Z" user="mamanakis" uid="20713" lat="41.7407772" lon="-111.8148656"/>
 <node id="12032258844" visible="true" version="1" changeset="153526023" timestamp="2024-07-04T04:02:20Z" user="mamanakis" uid="20713" lat="41.7402173" lon="-111.8142210"/>
 <node id="12032258845" visible="true" version="1" changeset="153526023" timestamp="2024-07-04T04:02:20Z" user="mamanakis" uid="20713" lat="41.7405148" lon="-111.8147814"/>
 <node id="12032258846" visible="true" version="1" changeset="153526023" timestamp="2024-07-04T04:02:20Z" user="mamanakis" uid="20713" lat="41.7405636" lon="-111.8148763"/>
 <node id="12032258847" visible="true" version="1" changeset="153526023" timestamp="2024-07-04T04:02:20Z" user="mamanakis" uid="20713" lat="41.7408339" lon="-111.8149203"/>
 <node id="12032258848" visible="true" version="1" changeset="153526023" timestamp="2024-07-04T04:02:20Z" user="mamanakis" uid="20713" lat="41.7409520" lon="-111.8144488"/>
 <node id="12032258849" visible="true" version="1" changeset="153526023" timestamp="2024-07-04T04:02:20Z" user="mamanakis" uid="20713" lat="41.7407986" lon="-111.8148676"/>
 <node id="12032258850" visible="true" version="1" changeset="153526023" timestamp="2024-07-04T04:02:20Z" user="mamanakis" uid="20713" lat="41.7402404" lon="-111.8146196"/>
 <node id="12032258851" visible="true" version="1" changeset="153526023" timestamp="2024-07-04T04:02:20Z" user="mamanakis" uid="20713" lat="41.7401642" lon="-111.8144764"/>
 <node id="12032258852" visible="true" version="1" changeset="153526023" timestamp="2024-07-04T04:02:20Z" user="mamanakis" uid="20713" lat="41.7401853" lon="-111.8145383"/>
 <node id="12032258853" visible="true" version="1" changeset="153526023" timestamp="2024-07-04T04:02:20Z" user="mamanakis" uid="20713" lat="41.7412307" lon="-111.8147318"/>
 <node id="12032258854" visible="true" version="1" changeset="153526023" timestamp="2024-07-04T04:02:20Z" user="mamanakis" uid="20713" lat="41.7405323" lon="-111.8148474"/>
 <node id="12032258856" visible="true" version="1" changeset="153526023" timestamp="2024-07-04T04:02:20Z" user="mamanakis" uid="20713" lat="41.7405135" lon="-111.8147961"/>
 <node id="12032258857" visible="true" version="1" changeset="153526023" timestamp="2024-07-04T04:02:20Z" user="mamanakis" uid="20713" lat="41.7410905" lon="-111.8145938"/>
 <node id="12032258858" visible="true" version="1" changeset="153526023" timestamp="2024-07-04T04:02:20Z" user="mamanakis" uid="20713" lat="41.7416901" lon="-111.8151248"/>
 <node id="12032258859" visible="true" version="1" changeset="153526023" timestamp="2024-07-04T04:02:20Z" user="mamanakis" uid="20713" lat="41.7410238" lon="-111.8148484"/>
 <node id="12032258860" visible="true" version="1" changeset="153526023" timestamp="2024-07-04T04:02:20Z" user="mamanakis" uid="20713" lat="41.7402138" lon="-111.8145897"/>
 <node id="12032258861" visible="true" version="1" changeset="153526023" timestamp="2024-07-04T04:02:20Z" user="mamanakis" uid="20713" lat="41.7410060" lon="-111.8145722"/>
 <node id="12032258862" visible="true" version="1" changeset="153526023" timestamp="2024-07-04T04:02:20Z" user="mamanakis" uid="20713" lat="41.7403278" lon="-111.8144330"/>
 <node id="12032258863" visible="true" version="1" changeset="153526023" timestamp="2024-07-04T04:02:20Z" user="mamanakis" uid="20713" lat="41.7409718" lon="-111.8147794"/>
 <node id="12032258864" visible="true" version="1" changeset="153526023" timestamp="2024-07-04T04:02:20Z" user="mamanakis" uid="20713" lat="41.7409652" lon="-111.8142714"/>
 <node id="12032258865" visible="true" version="1" changeset="153526023" timestamp="2024-07-04T04:02:20Z" user="mamanakis" uid="20713" lat="41.7408097" lon="-111.8148740"/>
 <node id="12032258866" visible="true" version="1" changeset="153526023" timestamp="2024-07-04T04:02:20Z" user="mamanakis" uid="20713" lat="41.7402755" lon="-111.8143940"/>
 <node id="12032258867" visible="true" version="1" changeset="153526023" timestamp="2024-07-04T04:02:20Z" user="mamanakis" uid="20713" lat="41.7405248" lon="-111.8148359"/>
 <node id="12032258868" visible="true" version="1" changeset="153526023" timestamp="2024-07-04T04:02:20Z" user="mamanakis" uid="20713" lat="41.7407434" lon="-111.8149717"/>
 <node id="12032343969" visible="true" version="1" changeset="153526023" timestamp="2024-07-04T04:02:20Z" user="mamanakis" uid="20713" lat="41.7407500" lon="-111.8148957"/>
 <node id="12032343970" visible="true" version="1" changeset="153526023" timestamp="2024-07-04T04:02:20Z" user="mamanakis" uid="20713" lat="41.7404829" lon="-111.8146620"/>
 <node id="12032343971" visible="true" version="1" changeset="153526023" timestamp="2024-07-04T04:02:20Z" user="mamanakis" uid="20713" lat="41.7410598" lon="-111.8145960"/>
 <node id="12032343972" visible="true" version="1" changeset="153526023" timestamp="2024-07-04T04:02:20Z" user="mamanakis" uid="20713" lat="41.7403118" lon="-111.8146732"/>
 <node id="12032343973" visible="true" version="1" changeset="153526023" timestamp="2024-07-04T04:02:20Z" user="mamanakis" uid="20713" lat="41.7407467" lon="-111.8149102"/>
 <node id="12032343974" visible="true" version="1" changeset="153526023" timestamp="2024-07-04T04:02:20Z" user="mamanakis" uid="20713" lat="41.7411955" lon="-111.8144399"/>
 <node id="12032343975" visible="true" version="1" changeset="153526023" timestamp="2024-07-04T04:02:20Z" user="mamanakis" uid="20713" lat="41.7412359" lon="-111.8147748"/>
 <node id="12032343976" visible="true" version="1" changeset="153526023" timestamp="2024-07-04T04:02:20Z" user="mamanakis" uid="20713" lat="41.7406620" lon="-111.8149211"/>
 <node id="12032343977" visible="true" version="1" changeset="153526023" timestamp="2024-07-04T04:02:20Z" user="mamanakis" uid="20713" lat="41.7406771" lon="-111.8146020"/>
 <node id="12032343978" visible="true" version="1" changeset="153526023" timestamp="2024-07-04T04:02:20Z" user="mamanakis" uid="20713" lat="41.7410092" lon="-111.8148699"/>
 <node id="12032343979" visible="true" version="1" changeset="153526023" timestamp="2024-07-04T04:02:20Z" user="mamanakis" uid="20713" lat="41.7409928" lon="-111.8148843"/>
 <node id="12032343980" visible="true" version="1" changeset="153526023" timestamp="2024-07-04T04:02:20Z" user="mamanakis" uid="20713" lat="41.7404267" lon="-111.8144582"/>
 <node id="12032343981" visible="true" version="1" changeset="153526023" timestamp="2024-07-04T04:02:20Z" user="mamanakis" uid="20713" lat="41.7401561" lon="-111.8144112"/>
 <node id="12032343982" visible="true" version="1" changeset="153526023" timestamp="2024-07-04T04:02:20Z" user="mamanakis" uid="20713" lat="41.7407868" lon="-111.8148639"/>
 <node id="12032343983" visible="true" version="1" changeset="153526023" timestamp="2024-07-04T04:02:20Z" user="mamanakis" uid="20713" lat="41.7408300" lon="-111.8149068"/>
 <node id="12032343984" visible="true" version="1" changeset="153526023" timestamp="2024-07-04T04:02:20Z" user="mamanakis" uid="20713" lat="41.7406195" lon="-111.8149065"/>
 <node id="12032343985" visible="true" version="1" changeset="153526023" timestamp="2024-07-04T04:02:20Z" user="mamanakis" uid="20713" lat="41.7408935" lon="-111.8149243"/>
 <node id="12032343986" visible="true" version="1" changeset="153526023" timestamp="2024-07-04T04:02:20Z" user="mamanakis" uid="20713" lat="41.7405184" lon="-111.8148233"/>
 <node id="12032343987" visible="true" version="1" changeset="153526023" timestamp="2024-07-04T04:02:20Z" user="mamanakis" uid="20713" lat="41.7413751" lon="-111.8150389"/>
 <node id="12032343988" visible="true" version="1" changeset="153526023" timestamp="2024-07-04T04:02:20Z" user="mamanakis" uid="20713" lat="41.7408811" lon="-111.8145958"/>
 <node id="12032343989" visible="true" version="1" changeset="153526023" timestamp="2024-07-04T04:02:20Z" user="mamanakis" uid="20713" lat="41.7408272" lon="-111.8148968"/>
 <node id="12032343990" visible="true" version="1" changeset="153526023" timestamp="2024-07-04T04:02:20Z" user="mamanakis" uid="20713" lat="41.7407766" lon="-111.8149975"/>
 <node id="12032343991" visible="true" version="1" changeset="153526023" timestamp="2024-07-04T04:02:20Z" user="mamanakis" uid="20713" lat="41.7405144" lon="-111.8148070"/>
 <node id="12032343992" visible="true" version="1" changeset="153526023" timestamp="2024-07-04T04:02:20Z" user="mamanakis" uid="20713" lat="41.7407623" lon="-111.8148753"/>
 <node id="12032343993" visible="true" version="1" changeset="153526023" timestamp="2024-07-04T04:02:20Z" user="mamanakis" uid="20713" lat="41.7410451" lon="-111.8147830"/>
 <node id="12032343994" visible="true" version="1" changeset="153526023" timestamp="2024-07-04T04:02:20Z" user="mamanakis" uid="20713" lat="41.7408160" lon="-111.8148792"/>
 <node id="12032343995" visible="true" version="1" changeset="153526023" timestamp="2024-07-04T04:02:20Z" user="mamanakis" uid="20713" lat="41.7410240" lon="-111.8148749"/>
 <node id="12032343996" visible="true" version="1" changeset="153526023" timestamp="2024-07-04T04:02:20Z" user="mamanakis" uid="20713" lat="41.7405001" lon="-111.8144961"/>
 <node id="12032343997" visible="true" version="1" changeset="153526023" timestamp="2024-07-04T04:02:20Z" user="mamanakis" uid="20713" lat="41.7411950" lon="-111.8144311"/>
 <node id="12032343998" visible="true" version="1" changeset="153526023" timestamp="2024-07-04T04:02:20Z" user="mamanakis" uid="20713" lat="41.7402677" lon="-111.8143584"/>
 <node id="12032343999" visible="true" version="1" changeset="153526023" timestamp="2024-07-04T04:02:20Z" user="mamanakis" uid="20713" lat="41.7408662" lon="-111.8149231"/>
 <node id="12032344000" visible="true" version="1" changeset="153526023" timestamp="2024-07-04T04:02:20Z" user="mamanakis" uid="20713" lat="41.7408311" lon="-111.8149797"/>
 <node id="12032344001" visible="true" version="1" changeset="153526023" timestamp="2024-07-04T04:02:20Z" user="mamanakis" uid="20713" lat="41.7401552" lon="-111.8141772"/>
 <node id="12032344002" visible="true" version="1" changeset="153526023" timestamp="2024-07-04T04:02:20Z" user="mamanakis" uid="20713" lat="41.7405923" lon="-111.8148926"/>
 <node id="12032344003" visible="true" version="1" changeset="153526023" timestamp="2024-07-04T04:02:20Z" user="mamanakis" uid="20713" lat="41.7405447" lon="-111.8148619"/>
 <node id="12032344004" visible="true" version="1" changeset="153526023" timestamp="2024-07-04T04:02:20Z" user="mamanakis" uid="20713" lat="41.7406908" lon="-111.8149228"/>
 <node id="12032344005" visible="true" version="1" changeset="153526023" timestamp="2024-07-04T04:02:20Z" user="mamanakis" uid="20713" lat="41.7411882" lon="-111.8144216"/>
 <node id="12032344006" visible="true" version="1" changeset="153526023" timestamp="2024-07-04T04:02:20Z" user="mamanakis" uid="20713" lat="41.7402195" lon="-111.8142665"/>
 <node id="12032344007" visible="true" version="1" changeset="153526023" timestamp="2024-07-04T04:02:20Z" user="mamanakis" uid="20713" lat="41.7409601" lon="-111.8142586"/>
 <node id="12032344008" visible="true" version="1" changeset="153526023" timestamp="2024-07-04T04:02:20Z" user="mamanakis" uid="20713" lat="41.7410075" lon="-111.8147728"/>
 <node id="12032344009" visible="true" version="1" changeset="153526023" timestamp="2024-07-04T04:02:20Z" user="mamanakis" uid="20713" lat="41.7414517" lon="-111.8149867"/>
 <node id="12032344010" visible="true" version="1" changeset="153526023" timestamp="2024-07-04T04:02:20Z" user="mamanakis" uid="20713" lat="41.7402429" lon="-111.8143131"/>
 <node id="12032344011" visible="true" version="1" changeset="153526023" timestamp="2024-07-04T04:02:20Z" user="mamanakis" uid="20713" lat="41.7409949" lon="-111.8147767"/>
 <node id="12032344012" visible="true" version="1" changeset="153526023" timestamp="2024-07-04T04:02:20Z" user="mamanakis" uid="20713" lat="41.7409547" lon="-111.8142692"/>
 <node id="12032344013" visible="true" version="1" changeset="153526023" timestamp="2024-07-04T04:02:20Z" user="mamanakis" uid="20713" lat="41.7409565" lon="-111.8145291"/>
 <node id="12032344014" visible="true" version="1" changeset="153526023" timestamp="2024-07-04T04:02:20Z" user="mamanakis" uid="20713" lat="41.7406449" lon="-111.8149172"/>
 <node id="12032344015" visible="true" version="1" changeset="153526023" timestamp="2024-07-04T04:02:20Z" user="mamanakis" uid="20713" lat="41.7402423" lon="-111.8143492"/>
 <node id="12032344016" visible="true" version="1" changeset="153526023" timestamp="2024-07-04T04:02:20Z" user="mamanakis" uid="20713" lat="41.7410295" lon="-111.8147683"/>
 <node id="12032596766" visible="true" version="1" changeset="153527044" timestamp="2024-07-04T05:04:51Z" user="mamanakis" uid="20713" lat="41.7402547" lon="-111.8143060"/>
 <node id="12032596767" visible="true" version="1" changeset="153527044" timestamp="2024-07-04T05:04:51Z" user="mamanakis" uid="20713" lat="41.7407490" lon="-111.8145804"/>
 <node id="12032596768" visible="true" version="1" changeset="153527044" timestamp="2024-07-04T05:04:51Z" user="mamanakis" uid="20713" lat="41.7403075" lon="-111.8142349"/>
 <node id="12032602722" visible="true" version="1" changeset="153527270" timestamp="2024-07-04T05:16:21Z" user="mamanakis" uid="20713" lat="41.7410398" lon="-111.8146613"/>
 <node id="12032602723" visible="true" version="1" changeset="153527270" timestamp="2024-07-04T05:16:21Z" user="mamanakis" uid="20713" lat="41.7405420" lon="-111.8146785"/>
 <node id="12032602724" visible="true" version="1" changeset="153527270" timestamp="2024-07-04T05:16:21Z" user="mamanakis" uid="20713" lat="41.7408192" lon="-111.8146262"/>
 <node id="12032602725" visible="true" version="1" changeset="153527270" timestamp="2024-07-04T05:16:21Z" user="mamanakis" uid="20713" lat="41.7409669" lon="-111.8146796"/>
 <node id="12032602726" visible="true" version="1" changeset="153527270" timestamp="2024-07-04T05:16:21Z" user="mamanakis" uid="20713" lat="41.7407522" lon="-111.8146458"/>
 <node id="12032602727" visible="true" version="2" changeset="153527373" timestamp="2024-07-04T05:22:41Z" user="mamanakis" uid="20713" lat="41.7411512" lon="-111.8143119"/>
 <node id="12032602728" visible="true" version="1" changeset="153527270" timestamp="2024-07-04T05:16:21Z" user="mamanakis" uid="20713" lat="41.7402471" lon="-111.8139334"/>
 <node id="12032602729" visible="true" version="1" changeset="153527270" timestamp="2024-07-04T05:16:21Z" user="mamanakis" uid="20713" lat="41.7410328" lon="-111.8142444"/>
 <node id="12032602730" visible="true" version="1" changeset="153527270" timestamp="2024-07-04T05:16:21Z" user="mamanakis" uid="20713" lat="41.7405864" lon="-111.8146119"/>
 <node id="12032602731" visible="true" version="1" changeset="153527270" timestamp="2024-07-04T05:16:21Z" user="mamanakis" uid="20713" lat="41.7407042" lon="-111.8146211"/>
 <node id="12032602732" visible="true" version="1" changeset="153527270" timestamp="2024-07-04T05:16:21Z" user="mamanakis" uid="20713" lat="41.7409664" lon="-111.8145864"/>
 <node id="12032602733" visible="true" version="1" changeset="153527270" timestamp="2024-07-04T05:16:21Z" user="mamanakis" uid="20713" lat="41.7404736" lon="-111.8145337"/>
 <node id="12032602734" visible="true" version="1" changeset="153527270" timestamp="2024-07-04T05:16:21Z" user="mamanakis" uid="20713" lat="41.7409208" lon="-111.8145985"/>
 <node id="12032602735" visible="true" version="1" changeset="153527270" timestamp="2024-07-04T05:16:21Z" user="mamanakis" uid="20713" lat="41.7408658" lon="-111.8146814"/>
 <node id="12032602736" visible="true" version="1" changeset="153527270" timestamp="2024-07-04T05:16:21Z" user="mamanakis" uid="20713" lat="41.7405303" lon="-111.8146519"/>
 <node id="12032602737" visible="true" version="1" changeset="153527270" timestamp="2024-07-04T05:16:21Z" user="mamanakis" uid="20713" lat="41.7408569" lon="-111.8146189"/>
 <node id="12032602738" visible="true" version="1" changeset="153527270" timestamp="2024-07-04T05:16:21Z" user="mamanakis" uid="20713" lat="41.7405961" lon="-111.8146044"/>
 <node id="12032602739" visible="true" version="1" changeset="153527270" timestamp="2024-07-04T05:16:21Z" user="mamanakis" uid="20713" lat="41.7408160" lon="-111.8146468"/>
 <node id="12032602740" visible="true" version="1" changeset="153527270" timestamp="2024-07-04T05:16:21Z" user="mamanakis" uid="20713" lat="41.7410329" lon="-111.8142580"/>
 <node id="12032602741" visible="true" version="1" changeset="153527270" timestamp="2024-07-04T05:16:21Z" user="mamanakis" uid="20713" lat="41.7411098" lon="-111.8143336"/>
 <node id="12032602742" visible="true" version="1" changeset="153527270" timestamp="2024-07-04T05:16:21Z" user="mamanakis" uid="20713" lat="41.7406258" lon="-111.8146098"/>
 <node id="12032602743" visible="true" version="1" changeset="153527270" timestamp="2024-07-04T05:16:21Z" user="mamanakis" uid="20713" lat="41.7403010" lon="-111.8138792"/>
 <node id="12032602744" visible="true" version="1" changeset="153527270" timestamp="2024-07-04T05:16:21Z" user="mamanakis" uid="20713" lat="41.7407497" lon="-111.8146269"/>
 <node id="12032602745" visible="true" version="1" changeset="153527270" timestamp="2024-07-04T05:16:21Z" user="mamanakis" uid="20713" lat="41.7411057" lon="-111.8143400"/>
 <node id="12032602746" visible="true" version="1" changeset="153527270" timestamp="2024-07-04T05:16:21Z" user="mamanakis" uid="20713" lat="41.7407508" lon="-111.8146350"/>
 <node id="12032602747" visible="true" version="1" changeset="153527270" timestamp="2024-07-04T05:16:21Z" user="mamanakis" uid="20713" lat="41.7402466" lon="-111.8138867"/>
 <node id="12032602748" visible="true" version="1" changeset="153527270" timestamp="2024-07-04T05:16:21Z" user="mamanakis" uid="20713" lat="41.7409011" lon="-111.8146122"/>
 <node id="12032602749" visible="true" version="1" changeset="153527270" timestamp="2024-07-04T05:16:21Z" user="mamanakis" uid="20713" lat="41.7408169" lon="-111.8146348"/>
 <node id="12032602750" visible="true" version="1" changeset="153527270" timestamp="2024-07-04T05:16:21Z" user="mamanakis" uid="20713" lat="41.7410258" lon="-111.8146693"/>
 <node id="12032602751" visible="true" version="1" changeset="153527270" timestamp="2024-07-04T05:16:21Z" user="mamanakis" uid="20713" lat="41.7411084" lon="-111.8143380"/>
 <node id="12032602752" visible="true" version="1" changeset="153527270" timestamp="2024-07-04T05:16:21Z" user="mamanakis" uid="20713" lat="41.7411006" lon="-111.8143379"/>
 <node id="12032602753" visible="true" version="1" changeset="153527270" timestamp="2024-07-04T05:16:21Z" user="mamanakis" uid="20713" lat="41.7409294" lon="-111.8142150"/>
 <node id="12032602754" visible="true" version="1" changeset="153527270" timestamp="2024-07-04T05:16:21Z" user="mamanakis" uid="20713" lat="41.7408249" lon="-111.8146195"/>
 <node id="12032602755" visible="true" version="1" changeset="153527270" timestamp="2024-07-04T05:16:21Z" user="mamanakis" uid="20713" lat="41.7408802" lon="-111.8146193"/>
 <node id="12032602756" visible="true" version="1" changeset="153527270" timestamp="2024-07-04T05:16:21Z" user="mamanakis" uid="20713" lat="41.7409839" lon="-111.8145935"/>
 <node id="12032602757" visible="true" version="1" changeset="153527270" timestamp="2024-07-04T05:16:21Z" user="mamanakis" uid="20713" lat="41.7406461" lon="-111.8146181"/>
 <node id="12032602758" visible="true" version="1" changeset="153527270" timestamp="2024-07-04T05:16:21Z" user="mamanakis" uid="20713" lat="41.7409979" lon="-111.8146771"/>
 <node id="12032602759" visible="true" version="1" changeset="153527270" timestamp="2024-07-04T05:16:21Z" user="mamanakis" uid="20713" lat="41.7409427" lon="-111.8145869"/>
 <node id="12032602760" visible="true" version="1" changeset="153527270" timestamp="2024-07-04T05:16:21Z" user="mamanakis" uid="20713" lat="41.7406708" lon="-111.8146193"/>
 <node id="12032602761" visible="true" version="1" changeset="153527270" timestamp="2024-07-04T05:16:21Z" user="mamanakis" uid="20713" lat="41.7407341" lon="-111.8146201"/>
 <node id="12032602762" visible="true" version="1" changeset="153527270" timestamp="2024-07-04T05:16:21Z" user="mamanakis" uid="20713" lat="41.7409525" lon="-111.8145843"/>
 <node id="12032602763" visible="true" version="1" changeset="153527270" timestamp="2024-07-04T05:16:21Z" user="mamanakis" uid="20713" lat="41.7407439" lon="-111.8146206"/>
 <node id="12032602764" visible="true" version="1" changeset="153527270" timestamp="2024-07-04T05:16:21Z" user="mamanakis" uid="20713" lat="41.7409277" lon="-111.8146818"/>
 <node id="12032602765" visible="true" version="1" changeset="153527270" timestamp="2024-07-04T05:16:21Z" user="mamanakis" uid="20713" lat="41.7402882" lon="-111.8138859"/>
 <node id="12032602766" visible="true" version="1" changeset="153527270" timestamp="2024-07-04T05:16:21Z" user="mamanakis" uid="20713" lat="41.7410392" lon="-111.8146317"/>
 <node id="12032602767" visible="true" version="1" changeset="153527270" timestamp="2024-07-04T05:16:21Z" user="mamanakis" uid="20713" lat="41.7405783" lon="-111.8138604"/>
 <node id="12032602768" visible="true" version="1" changeset="153527270" timestamp="2024-07-04T05:16:21Z" user="mamanakis" uid="20713" lat="41.7406078" lon="-111.8146050"/>
 <node id="12032612599" visible="true" version="1" changeset="153526994" timestamp="2024-07-04T05:01:48Z" user="mamanakis" uid="20713" lat="41.7405365" lon="-111.8142526"/>
 <node id="12032612600" visible="true" version="2" changeset="153527044" timestamp="2024-07-04T05:04:51Z" user="mamanakis" uid="20713" lat="41.7406295" lon="-111.8142287"/>
 <node id="12032612601" visible="true" version="3" changeset="153527324" timestamp="2024-07-04T05:19:58Z" user="mamanakis" uid="20713" lat="41.7411417" lon="-111.8142884"/>
 <node id="12032612602" visible="true" version="2" changeset="153527186" timestamp="2024-07-04T05:11:13Z" user="mamanakis" uid="20713" lat="41.7405076" lon="-111.8139937"/>
 <node id="12032612603" visible="true" version="1" changeset="153526994" timestamp="2024-07-04T05:01:48Z" user="mamanakis" uid="20713" lat="41.7405379" lon="-111.8140304"/>
 <node id="12032613087" visible="true" version="1" changeset="153527186" timestamp="2024-07-04T05:11:13Z" user="mamanakis" uid="20713" lat="41.7402447" lon="-111.8139557"/>
 <node id="12032613088" visible="true" version="2" changeset="153527270" timestamp="2024-07-04T05:16:21Z" user="mamanakis" uid="20713" lat="41.7402444" lon="-111.8140020"/>
 <node id="12032613089" visible="true" version="1" changeset="153527186" timestamp="2024-07-04T05:11:13Z" user="mamanakis" uid="20713" lat="41.7405277" lon="-111.8139459"/>
 <node id="12032613090" visible="true" version="1" changeset="153527186" timestamp="2024-07-04T05:11:13Z" user="mamanakis" uid="20713" lat="41.7402456" lon="-111.8141193"/>
 <node id="12032614035" visible="true" version="1" changeset="153527373" timestamp="2024-07-04T05:22:41Z" user="mamanakis" uid="20713" lat="41.7412214" lon="-111.8143330"/>
 <node id="12032614036" visible="true" version="1" changeset="153527373" timestamp="2024-07-04T05:22:41Z" user="mamanakis" uid="20713" lat="41.7411946" lon="-111.8143393"/>
 <node id="12032614037" visible="true" version="1" changeset="153527373" timestamp="2024-07-04T05:22:41Z" user="mamanakis" uid="20713" lat="41.7412432" lon="-111.8142982"/>
 <node id="12032614038" visible="true" version="1" changeset="153527373" timestamp="2024-07-04T05:22:41Z" user="mamanakis" uid="20713" lat="41.7411804" lon="-111.8143352"/>
 <node id="12032614039" visible="true" version="1" changeset="153527373" timestamp="2024-07-04T05:22:41Z" user="mamanakis" uid="20713" lat="41.7411603" lon="-111.8143213"/>
 <node id="12032627832" visible="true" version="1" changeset="153527643" timestamp="2024-07-04T05:35:52Z" user="mamanakis" uid="20713" lat="41.7406461" lon="-111.8139605"/>
 <node id="12032628272" visible="true" version="2" changeset="153527186" timestamp="2024-07-04T05:11:13Z" user="mamanakis" uid="20713" lat="41.7402742" lon="-111.8141175"/>
 <node id="12032628273" visible="true" version="2" changeset="153527373" timestamp="2024-07-04T05:22:41Z" user="mamanakis" uid="20713" lat="41.7412452" lon="-111.8140883"/>
 <node id="12032628274" visible="true" version="2" changeset="153527373" timestamp="2024-07-04T05:22:41Z" user="mamanakis" uid="20713" lat="41.7412711" lon="-111.8141311"/>
 <node id="12032628275" visible="true" version="2" changeset="153527373" timestamp="2024-07-04T05:22:41Z" user="mamanakis" uid="20713" lat="41.7412448" lon="-111.8141309"/>
 <node id="12032628276" visible="true" version="2" changeset="153527373" timestamp="2024-07-04T05:22:41Z" user="mamanakis" uid="20713" lat="41.7412718" lon="-111.8140880"/>
 <node id="12032628277" visible="true" version="2" changeset="153527270" timestamp="2024-07-04T05:16:21Z" user="mamanakis" uid="20713" lat="41.7406454" lon="-111.8138601"/>
 <node id="12032628278" visible="true" version="1" changeset="153527091" timestamp="2024-07-04T05:08:12Z" user="mamanakis" uid="20713" lat="41.7411036" lon="-111.8142419"/>
 <node id="12032629097" visible="true" version="1" changeset="153527159" timestamp="2024-07-04T05:09:33Z" user="mamanakis" uid="20713" lat="41.7402446" lon="-111.8141549"/>
 <node id="12032631344" visible="true" version="1" changeset="153527423" timestamp="2024-07-04T05:24:59Z" user="mamanakis" uid="20713" lat="41.7412487" lon="-111.8139564"/>
 <node id="12032636348" visible="true" version="1" changeset="153528586" timestamp="2024-07-04T06:19:33Z" user="mamanakis" uid="20713" lat="41.7414764" lon="-111.8149846"/>
 <node id="12032636349" visible="true" version="1" changeset="153528586" timestamp="2024-07-04T06:19:33Z" user="mamanakis" uid="20713" lat="41.7413210" lon="-111.8148853"/>
 <node id="12032636350" visible="true" version="1" changeset="153528586" timestamp="2024-07-04T06:19:33Z" user="mamanakis" uid="20713" lat="41.7413814" lon="-111.8149302"/>
 <node id="12032636369" visible="true" version="1" changeset="153527044" timestamp="2024-07-04T05:04:51Z" user="mamanakis" uid="20713" lat="41.7402927" lon="-111.8143627"/>
 <node id="12032636370" visible="true" version="1" changeset="153527044" timestamp="2024-07-04T05:04:51Z" user="mamanakis" uid="20713" lat="41.7406010" lon="-111.8145600"/>
 <node id="12032636371" visible="true" version="1" changeset="153527044" timestamp="2024-07-04T05:04:51Z" user="mamanakis" uid="20713" lat="41.7402721" lon="-111.8143397"/>
 <node id="12032636372" visible="true" version="1" changeset="153527044" timestamp="2024-07-04T05:04:51Z" user="mamanakis" uid="20713" lat="41.7405479" lon="-111.8145144"/>
 <node id="12032636373" visible="true" version="1" changeset="153527044" timestamp="2024-07-04T05:04:51Z" user="mamanakis" uid="20713" lat="41.7405192" lon="-111.8144932"/>
 <node id="12032636374" visible="true" version="1" changeset="153527044" timestamp="2024-07-04T05:04:51Z" user="mamanakis" uid="20713" lat="41.7406761" lon="-111.8145842"/>
 <node id="12032636375" visible="true" version="1" changeset="153527044" timestamp="2024-07-04T05:04:51Z" user="mamanakis" uid="20713" lat="41.7402471" lon="-111.8142722"/>
 <node id="12032636376" visible="true" version="1" changeset="153527044" timestamp="2024-07-04T05:04:51Z" user="mamanakis" uid="20713" lat="41.7403349" lon="-111.8143945"/>
 <node id="12032636377" visible="true" version="1" changeset="153527044" timestamp="2024-07-04T05:04:51Z" user="mamanakis" uid="20713" lat="41.7404438" lon="-111.8144454"/>
 <node id="12032640874" visible="true" version="1" changeset="153527324" timestamp="2024-07-04T05:19:58Z" user="mamanakis" uid="20713" lat="41.7414460" lon="-111.8142584"/>
 <node id="12032640875" visible="true" version="1" changeset="153527324" timestamp="2024-07-04T05:19:58Z" user="mamanakis" uid="20713" lat="41.7409341" lon="-111.8144578"/>
 <node id="12032640876" visible="true" version="1" changeset="153527324" timestamp="2024-07-04T05:19:58Z" user="mamanakis" uid="20713" lat="41.7408160" lon="-111.8145710"/>
 <node id="12032640877" visible="true" version="1" changeset="153527324" timestamp="2024-07-04T05:19:58Z" user="mamanakis" uid="20713" lat="41.7409286" lon="-111.8145389"/>
 <node id="12032640878" visible="true" version="1" changeset="153527324" timestamp="2024-07-04T05:19:58Z" user="mamanakis" uid="20713" lat="41.7411470" lon="-111.8143668"/>
 <node id="12032640879" visible="true" version="1" changeset="153527324" timestamp="2024-07-04T05:19:58Z" user="mamanakis" uid="20713" lat="41.7408255" lon="-111.8145806"/>
 <node id="12032640880" visible="true" version="1" changeset="153527324" timestamp="2024-07-04T05:19:58Z" user="mamanakis" uid="20713" lat="41.7411701" lon="-111.8143872"/>
 <node id="12032640881" visible="true" version="1" changeset="153527324" timestamp="2024-07-04T05:19:58Z" user="mamanakis" uid="20713" lat="41.7413023" lon="-111.8143605"/>
 <node id="12032640882" visible="true" version="1" changeset="153527324" timestamp="2024-07-04T05:19:58Z" user="mamanakis" uid="20713" lat="41.7414113" lon="-111.8142778"/>
 <node id="12032640883" visible="true" version="1" changeset="153527324" timestamp="2024-07-04T05:19:58Z" user="mamanakis" uid="20713" lat="41.7413735" lon="-111.8143023"/>
 <node id="12032640884" visible="true" version="1" changeset="153527324" timestamp="2024-07-04T05:19:58Z" user="mamanakis" uid="20713" lat="41.7413345" lon="-111.8143312"/>
 <node id="12032640885" visible="true" version="1" changeset="153527324" timestamp="2024-07-04T05:19:58Z" user="mamanakis" uid="20713" lat="41.7409019" lon="-111.8145682"/>
 <node id="12032640886" visible="true" version="1" changeset="153527324" timestamp="2024-07-04T05:19:58Z" user="mamanakis" uid="20713" lat="41.7411969" lon="-111.8144048"/>
 <node id="12032640887" visible="true" version="1" changeset="153527324" timestamp="2024-07-04T05:19:58Z" user="mamanakis" uid="20713" lat="41.7409311" lon="-111.8142905"/>
 <node id="12032640888" visible="true" version="1" changeset="153527324" timestamp="2024-07-04T05:19:58Z" user="mamanakis" uid="20713" lat="41.7409211" lon="-111.8145515"/>
 <node id="12032640889" visible="true" version="1" changeset="153527324" timestamp="2024-07-04T05:19:58Z" user="mamanakis" uid="20713" lat="41.7412265" lon="-111.8143986"/>
 <node id="12032640890" visible="true" version="1" changeset="153527324" timestamp="2024-07-04T05:19:58Z" user="mamanakis" uid="20713" lat="41.7408319" lon="-111.8145818"/>
 <node id="12032640891" visible="true" version="1" changeset="153527324" timestamp="2024-07-04T05:19:58Z" user="mamanakis" uid="20713" lat="41.7415369" lon="-111.8142320"/>
 <node id="12032640892" visible="true" version="1" changeset="153527324" timestamp="2024-07-04T05:19:58Z" user="mamanakis" uid="20713" lat="41.7412367" lon="-111.8143915"/>
 <node id="12032640893" visible="true" version="1" changeset="153527324" timestamp="2024-07-04T05:19:58Z" user="mamanakis" uid="20713" lat="41.7411399" lon="-111.8143181"/>
 <node id="12032640894" visible="true" version="1" changeset="153527324" timestamp="2024-07-04T05:19:58Z" user="mamanakis" uid="20713" lat="41.7408963" lon="-111.8142714"/>
 <node id="12032640895" visible="true" version="1" changeset="153527324" timestamp="2024-07-04T05:19:58Z" user="mamanakis" uid="20713" lat="41.7409224" lon="-111.8142740"/>
 <node id="12032640896" visible="true" version="1" changeset="153527324" timestamp="2024-07-04T05:19:58Z" user="mamanakis" uid="20713" lat="41.7409117" lon="-111.8145621"/>
 <node id="12032640898" visible="true" version="1" changeset="153527324" timestamp="2024-07-04T05:19:58Z" user="mamanakis" uid="20713" lat="41.7415502" lon="-111.8142256"/>
 <node id="12032640899" visible="true" version="1" changeset="153527324" timestamp="2024-07-04T05:19:58Z" user="mamanakis" uid="20713" lat="41.7408899" lon="-111.8145762"/>
 <node id="12032640900" visible="true" version="1" changeset="153527324" timestamp="2024-07-04T05:19:58Z" user="mamanakis" uid="20713" lat="41.7412524" lon="-111.8143736"/>
 <node id="12032640901" visible="true" version="1" changeset="153527324" timestamp="2024-07-04T05:19:58Z" user="mamanakis" uid="20713" lat="41.7411402" lon="-111.8143520"/>
 <node id="12032640902" visible="true" version="1" changeset="153527324" timestamp="2024-07-04T05:19:58Z" user="mamanakis" uid="20713" lat="41.7408141" lon="-111.8145627"/>
 <node id="12032640903" visible="true" version="1" changeset="153527324" timestamp="2024-07-04T05:19:58Z" user="mamanakis" uid="20713" lat="41.7412092" lon="-111.8144064"/>
 <node id="12032640904" visible="true" version="1" changeset="153527324" timestamp="2024-07-04T05:19:58Z" user="mamanakis" uid="20713" lat="41.7409289" lon="-111.8142825"/>
 <node id="12032640905" visible="true" version="1" changeset="153527324" timestamp="2024-07-04T05:19:58Z" user="mamanakis" uid="20713" lat="41.7409326" lon="-111.8145254"/>
 <node id="12032640906" visible="true" version="1" changeset="153527324" timestamp="2024-07-04T05:19:58Z" user="mamanakis" uid="20713" lat="41.7408191" lon="-111.8145773"/>
 <node id="12032640907" visible="true" version="1" changeset="153527324" timestamp="2024-07-04T05:19:58Z" user="mamanakis" uid="20713" lat="41.7409164" lon="-111.8142712"/>
 <node id="12032640908" visible="true" version="1" changeset="153527324" timestamp="2024-07-04T05:19:58Z" user="mamanakis" uid="20713" lat="41.7408773" lon="-111.8145792"/>
 <node id="12032640909" visible="true" version="1" changeset="153527324" timestamp="2024-07-04T05:19:58Z" user="mamanakis" uid="20713" lat="41.7409342" lon="-111.8145109"/>
 <node id="12032640910" visible="true" version="1" changeset="153527324" timestamp="2024-07-04T05:19:58Z" user="mamanakis" uid="20713" lat="41.7412465" lon="-111.8143816"/>
 <node id="12032643869" visible="true" version="1" changeset="153527270" timestamp="2024-07-04T05:16:21Z" user="mamanakis" uid="20713" lat="41.7410384" lon="-111.8146222"/>
 <node id="12032643870" visible="true" version="1" changeset="153527270" timestamp="2024-07-04T05:16:21Z" user="mamanakis" uid="20713" lat="41.7403016" lon="-111.8139323"/>
 <node id="12032643871" visible="true" version="1" changeset="153527270" timestamp="2024-07-04T05:16:21Z" user="mamanakis" uid="20713" lat="41.7410355" lon="-111.8146171"/>
 <node id="12032643872" visible="true" version="1" changeset="153527270" timestamp="2024-07-04T05:16:21Z" user="mamanakis" uid="20713" lat="41.7411058" lon="-111.8142594"/>
 <node id="12032643873" visible="true" version="1" changeset="153527270" timestamp="2024-07-04T05:16:21Z" user="mamanakis" uid="20713" lat="41.7405430" lon="-111.8146610"/>
 <node id="12032651595" visible="true" version="1" changeset="153527963" timestamp="2024-07-04T05:50:54Z" user="mamanakis" uid="20713" lat="41.7405586" lon="-111.8135560"/>
 <node id="12032651596" visible="true" version="1" changeset="153527963" timestamp="2024-07-04T05:50:54Z" user="mamanakis" uid="20713" lat="41.7402466" lon="-111.8137250"/>
 <node id="12032651597" visible="true" version="1" changeset="153527963" timestamp="2024-07-04T05:50:54Z" user="mamanakis" uid="20713" lat="41.7405629" lon="-111.8135378"/>
 <node id="12032651598" visible="true" version="1" changeset="153527963" timestamp="2024-07-04T05:50:54Z" user="mamanakis" uid="20713" lat="41.7402704" lon="-111.8138061"/>
 <node id="12032651599" visible="true" version="1" changeset="153527963" timestamp="2024-07-04T05:50:54Z" user="mamanakis" uid="20713" lat="41.7402584" lon="-111.8138219"/>
 <node id="12032651600" visible="true" version="1" changeset="153527963" timestamp="2024-07-04T05:50:54Z" user="mamanakis" uid="20713" lat="41.7402743" lon="-111.8136858"/>
 <node id="12032651601" visible="true" version="1" changeset="153527963" timestamp="2024-07-04T05:50:54Z" user="mamanakis" uid="20713" lat="41.7402465" lon="-111.8135199"/>
 <node id="12032651602" visible="true" version="1" changeset="153527963" timestamp="2024-07-04T05:50:54Z" user="mamanakis" uid="20713" lat="41.7402483" lon="-111.8138222"/>
 <node id="12032651603" visible="true" version="1" changeset="153527963" timestamp="2024-07-04T05:50:54Z" user="mamanakis" uid="20713" lat="41.7402750" lon="-111.8137240"/>
 <node id="12032651604" visible="true" version="1" changeset="153527963" timestamp="2024-07-04T05:50:54Z" user="mamanakis" uid="20713" lat="41.7405534" lon="-111.8135586"/>
 <node id="12032651605" visible="true" version="1" changeset="153527963" timestamp="2024-07-04T05:50:54Z" user="mamanakis" uid="20713" lat="41.7402481" lon="-111.8136864"/>
 <node id="12032651606" visible="true" version="1" changeset="153527963" timestamp="2024-07-04T05:50:54Z" user="mamanakis" uid="20713" lat="41.7405627" lon="-111.8135479"/>
 <node id="12032651607" visible="true" version="1" changeset="153527963" timestamp="2024-07-04T05:50:54Z" user="mamanakis" uid="20713" lat="41.7405624" lon="-111.8135309"/>
 <node id="12032651608" visible="true" version="2" changeset="153527993" timestamp="2024-07-04T05:52:31Z" user="mamanakis" uid="20713" lat="41.7402742" lon="-111.8136706"/>
 <node id="12032651609" visible="true" version="1" changeset="153527963" timestamp="2024-07-04T05:50:54Z" user="mamanakis" uid="20713" lat="41.7402762" lon="-111.8137886"/>
 <node id="12032651610" visible="true" version="1" changeset="153527963" timestamp="2024-07-04T05:50:54Z" user="mamanakis" uid="20713" lat="41.7405593" lon="-111.8135228"/>
 <node id="12032652585" visible="true" version="1" changeset="153528093" timestamp="2024-07-04T05:57:36Z" user="mamanakis" uid="20713" lat="41.7409969" lon="-111.8135575"/>
 <node id="12032652586" visible="true" version="1" changeset="153528093" timestamp="2024-07-04T05:57:36Z" user="mamanakis" uid="20713" lat="41.7409209" lon="-111.8135471"/>
 <node id="12032652587" visible="true" version="1" changeset="153528093" timestamp="2024-07-04T05:57:36Z" user="mamanakis" uid="20713" lat="41.7409810" lon="-111.8134953"/>
 <node id="12032652588" visible="true" version="1" changeset="153528093" timestamp="2024-07-04T05:57:36Z" user="mamanakis" uid="20713" lat="41.7408850" lon="-111.8135694"/>
 <node id="12032652589" visible="true" version="1" changeset="153528093" timestamp="2024-07-04T05:57:36Z" user="mamanakis" uid="20713" lat="41.7407500" lon="-111.8135158"/>
 <node id="12032652591" visible="true" version="2" changeset="153912930" timestamp="2024-07-13T23:36:11Z" user="mamanakis" uid="20713" lat="41.7410490" lon="-111.8135579"/>
 <node id="12032652592" visible="true" version="1" changeset="153528093" timestamp="2024-07-04T05:57:36Z" user="mamanakis" uid="20713" lat="41.7407252" lon="-111.8135514"/>
 <node id="12032652593" visible="true" version="2" changeset="153912930" timestamp="2024-07-13T23:36:11Z" user="mamanakis" uid="20713" lat="41.7410204" lon="-111.8135574"/>
 <node id="12032652594" visible="true" version="1" changeset="153528093" timestamp="2024-07-04T05:57:36Z" user="mamanakis" uid="20713" lat="41.7407506" lon="-111.8135506"/>
 <node id="12032652595" visible="true" version="1" changeset="153528093" timestamp="2024-07-04T05:57:36Z" user="mamanakis" uid="20713" lat="41.7406908" lon="-111.8134932"/>
 <node id="12032652596" visible="true" version="1" changeset="153528093" timestamp="2024-07-04T05:57:36Z" user="mamanakis" uid="20713" lat="41.7407697" lon="-111.8135704"/>
 <node id="12032652597" visible="true" version="1" changeset="153528093" timestamp="2024-07-04T05:57:36Z" user="mamanakis" uid="20713" lat="41.7408239" lon="-111.8135136"/>
 <node id="12032652598" visible="true" version="1" changeset="153528093" timestamp="2024-07-04T05:57:36Z" user="mamanakis" uid="20713" lat="41.7408493" lon="-111.8135128"/>
 <node id="12032652599" visible="true" version="1" changeset="153528093" timestamp="2024-07-04T05:57:36Z" user="mamanakis" uid="20713" lat="41.7409463" lon="-111.8135463"/>
 <node id="12032652600" visible="true" version="1" changeset="153528093" timestamp="2024-07-04T05:57:36Z" user="mamanakis" uid="20713" lat="41.7412601" lon="-111.8143844"/>
 <node id="12032652601" visible="true" version="1" changeset="153528093" timestamp="2024-07-04T05:57:36Z" user="mamanakis" uid="20713" lat="41.7412919" lon="-111.8142802"/>
 <node id="12032652602" visible="true" version="1" changeset="153528093" timestamp="2024-07-04T05:57:36Z" user="mamanakis" uid="20713" lat="41.7407246" lon="-111.8135166"/>
 <node id="12032652604" visible="true" version="1" changeset="153528093" timestamp="2024-07-04T05:57:36Z" user="mamanakis" uid="20713" lat="41.7410505" lon="-111.8134965"/>
 <node id="12032652605" visible="true" version="1" changeset="153528093" timestamp="2024-07-04T05:57:36Z" user="mamanakis" uid="20713" lat="41.7408499" lon="-111.8135476"/>
 <node id="12032652606" visible="true" version="1" changeset="153528093" timestamp="2024-07-04T05:57:36Z" user="mamanakis" uid="20713" lat="41.7406531" lon="-111.8135524"/>
 <node id="12032652607" visible="true" version="1" changeset="153528093" timestamp="2024-07-04T05:57:36Z" user="mamanakis" uid="20713" lat="41.7409457" lon="-111.8135115"/>
 <node id="12032652608" visible="true" version="1" changeset="153528093" timestamp="2024-07-04T05:57:36Z" user="mamanakis" uid="20713" lat="41.7406271" lon="-111.8135184"/>
 <node id="12032652609" visible="true" version="1" changeset="153528093" timestamp="2024-07-04T05:57:36Z" user="mamanakis" uid="20713" lat="41.7406525" lon="-111.8135176"/>
 <node id="12032652610" visible="true" version="1" changeset="153528093" timestamp="2024-07-04T05:57:36Z" user="mamanakis" uid="20713" lat="41.7406910" lon="-111.8135726"/>
 <node id="12032652611" visible="true" version="1" changeset="153528093" timestamp="2024-07-04T05:57:36Z" user="mamanakis" uid="20713" lat="41.7409202" lon="-111.8135123"/>
 <node id="12032652612" visible="true" version="1" changeset="153528093" timestamp="2024-07-04T05:57:36Z" user="mamanakis" uid="20713" lat="41.7409815" lon="-111.8135543"/>
 <node id="12032652613" visible="true" version="1" changeset="153528093" timestamp="2024-07-04T05:57:36Z" user="mamanakis" uid="20713" lat="41.7406277" lon="-111.8135532"/>
 <node id="12032652614" visible="true" version="1" changeset="153528093" timestamp="2024-07-04T05:57:36Z" user="mamanakis" uid="20713" lat="41.7408245" lon="-111.8135484"/>
 <node id="12032662414" visible="true" version="1" changeset="153527868" timestamp="2024-07-04T05:45:25Z" user="mamanakis" uid="20713" lat="41.7406070" lon="-111.8136383"/>
 <node id="12032662415" visible="true" version="1" changeset="153527868" timestamp="2024-07-04T05:45:25Z" user="mamanakis" uid="20713" lat="41.7407408" lon="-111.8136385"/>
 <node id="12032662416" visible="true" version="1" changeset="153527868" timestamp="2024-07-04T05:45:25Z" user="mamanakis" uid="20713" lat="41.7409019" lon="-111.8136799"/>
 <node id="12032662417" visible="true" version="1" changeset="153527868" timestamp="2024-07-04T05:45:25Z" user="mamanakis" uid="20713" lat="41.7406228" lon="-111.8136661"/>
 <node id="12032662418" visible="true" version="1" changeset="153527868" timestamp="2024-07-04T05:45:25Z" user="mamanakis" uid="20713" lat="41.7406335" lon="-111.8136750"/>
 <node id="12032662419" visible="true" version="1" changeset="153527868" timestamp="2024-07-04T05:45:25Z" user="mamanakis" uid="20713" lat="41.7408626" lon="-111.8136904"/>
 <node id="12032662420" visible="true" version="1" changeset="153527868" timestamp="2024-07-04T05:45:25Z" user="mamanakis" uid="20713" lat="41.7407973" lon="-111.8136945"/>
 <node id="12032662421" visible="true" version="1" changeset="153527868" timestamp="2024-07-04T05:45:25Z" user="mamanakis" uid="20713" lat="41.7405745" lon="-111.8136672"/>
 <node id="12032662422" visible="true" version="1" changeset="153527868" timestamp="2024-07-04T05:45:25Z" user="mamanakis" uid="20713" lat="41.7408300" lon="-111.8136917"/>
 <node id="12032662423" visible="true" version="1" changeset="153527868" timestamp="2024-07-04T05:45:25Z" user="mamanakis" uid="20713" lat="41.7406437" lon="-111.8136810"/>
 <node id="12032662424" visible="true" version="1" changeset="153527868" timestamp="2024-07-04T05:45:25Z" user="mamanakis" uid="20713" lat="41.7405657" lon="-111.8136256"/>
 <node id="12032662426" visible="true" version="1" changeset="153527868" timestamp="2024-07-04T05:45:25Z" user="mamanakis" uid="20713" lat="41.7409312" lon="-111.8136558"/>
 <node id="12032662427" visible="true" version="1" changeset="153527868" timestamp="2024-07-04T05:45:25Z" user="mamanakis" uid="20713" lat="41.7408090" lon="-111.8136397"/>
 <node id="12032662428" visible="true" version="2" changeset="153683794" timestamp="2024-07-08T02:11:20Z" user="mamanakis" uid="20713" lat="41.7405682" lon="-111.8135774"/>
 <node id="12032662429" visible="true" version="1" changeset="153527868" timestamp="2024-07-04T05:45:25Z" user="mamanakis" uid="20713" lat="41.7407422" lon="-111.8136947"/>
 <node id="12032662430" visible="true" version="1" changeset="153527868" timestamp="2024-07-04T05:45:25Z" user="mamanakis" uid="20713" lat="41.7409584" lon="-111.8135853"/>
 <node id="12032662431" visible="true" version="1" changeset="153527868" timestamp="2024-07-04T05:45:25Z" user="mamanakis" uid="20713" lat="41.7406121" lon="-111.8136510"/>
 <node id="12032662432" visible="true" version="1" changeset="153527868" timestamp="2024-07-04T05:45:25Z" user="mamanakis" uid="20713" lat="41.7406603" lon="-111.8136874"/>
 <node id="12032662433" visible="true" version="1" changeset="153527868" timestamp="2024-07-04T05:45:25Z" user="mamanakis" uid="20713" lat="41.7409158" lon="-111.8136709"/>
 <node id="12032662434" visible="true" version="1" changeset="153527868" timestamp="2024-07-04T05:45:25Z" user="mamanakis" uid="20713" lat="41.7409407" lon="-111.8136453"/>
 <node id="12032662435" visible="true" version="1" changeset="153527868" timestamp="2024-07-04T05:45:25Z" user="mamanakis" uid="20713" lat="41.7408819" lon="-111.8136881"/>
 <node id="12032662436" visible="true" version="1" changeset="153527868" timestamp="2024-07-04T05:45:25Z" user="mamanakis" uid="20713" lat="41.7407098" lon="-111.8136928"/>
 <node id="12032662437" visible="true" version="1" changeset="153527868" timestamp="2024-07-04T05:45:25Z" user="mamanakis" uid="20713" lat="41.7411556" lon="-111.8139146"/>
 <node id="12032662438" visible="true" version="1" changeset="153527868" timestamp="2024-07-04T05:45:25Z" user="mamanakis" uid="20713" lat="41.7406919" lon="-111.8135935"/>
 <node id="12032662439" visible="true" version="1" changeset="153527868" timestamp="2024-07-04T05:45:25Z" user="mamanakis" uid="20713" lat="41.7411557" lon="-111.8139866"/>
 <node id="12032662440" visible="true" version="1" changeset="153527868" timestamp="2024-07-04T05:45:25Z" user="mamanakis" uid="20713" lat="41.7406817" lon="-111.8136925"/>
 <node id="12032662441" visible="true" version="1" changeset="153527868" timestamp="2024-07-04T05:45:25Z" user="mamanakis" uid="20713" lat="41.7409507" lon="-111.8136252"/>
 <node id="12032662442" visible="true" version="1" changeset="153527868" timestamp="2024-07-04T05:45:25Z" user="mamanakis" uid="20713" lat="41.7405995" lon="-111.8136227"/>
 <node id="12032662443" visible="true" version="1" changeset="153527868" timestamp="2024-07-04T05:45:25Z" user="mamanakis" uid="20713" lat="41.7409573" lon="-111.8136082"/>
 <node id="12032666186" visible="true" version="1" changeset="153527932" timestamp="2024-07-04T05:49:00Z" user="mamanakis" uid="20713" lat="41.7406240" lon="-111.8137189"/>
 <node id="12032666187" visible="true" version="1" changeset="153527932" timestamp="2024-07-04T05:49:00Z" user="mamanakis" uid="20713" lat="41.7406124" lon="-111.8137109"/>
 <node id="12032666188" visible="true" version="1" changeset="153527932" timestamp="2024-07-04T05:49:00Z" user="mamanakis" uid="20713" lat="41.7406035" lon="-111.8137025"/>
 <node id="12032666189" visible="true" version="1" changeset="153527932" timestamp="2024-07-04T05:49:00Z" user="mamanakis" uid="20713" lat="41.7406220" lon="-111.8137329"/>
 <node id="12032666190" visible="true" version="1" changeset="153527932" timestamp="2024-07-04T05:49:00Z" user="mamanakis" uid="20713" lat="41.7405734" lon="-111.8137134"/>
 <node id="12032666191" visible="true" version="1" changeset="153527932" timestamp="2024-07-04T05:49:00Z" user="mamanakis" uid="20713" lat="41.7405928" lon="-111.8136943"/>
 <node id="12032669146" visible="true" version="1" changeset="153527993" timestamp="2024-07-04T05:52:31Z" user="mamanakis" uid="20713" lat="41.7402730" lon="-111.8136328"/>
 <node id="12032669147" visible="true" version="1" changeset="153527993" timestamp="2024-07-04T05:52:31Z" user="mamanakis" uid="20713" lat="41.7403390" lon="-111.8136781"/>
 <node id="12032669148" visible="true" version="1" changeset="153527993" timestamp="2024-07-04T05:52:31Z" user="mamanakis" uid="20713" lat="41.7403378" lon="-111.8136325"/>
 <node id="12032669149" visible="true" version="1" changeset="153527993" timestamp="2024-07-04T05:52:31Z" user="mamanakis" uid="20713" lat="41.7405614" lon="-111.8136647"/>
 <node id="12032669150" visible="true" version="1" changeset="153527993" timestamp="2024-07-04T05:52:31Z" user="mamanakis" uid="20713" lat="41.7405618" lon="-111.8136715"/>
 <node id="12032669151" visible="true" version="1" changeset="153527993" timestamp="2024-07-04T05:52:31Z" user="mamanakis" uid="20713" lat="41.7405550" lon="-111.8136406"/>
 <node id="12032669152" visible="true" version="1" changeset="153527993" timestamp="2024-07-04T05:52:31Z" user="mamanakis" uid="20713" lat="41.7405602" lon="-111.8136492"/>
 <node id="12033811023" visible="true" version="1" changeset="153557046" timestamp="2024-07-04T17:08:32Z" user="mamanakis" uid="20713" lat="41.7402418" lon="-111.8148333">
  <tag k="natural" v="tree"/>
 </node>
 <node id="12033811025" visible="true" version="1" changeset="153557046" timestamp="2024-07-04T17:08:32Z" user="mamanakis" uid="20713" lat="41.7404220" lon="-111.8148536">
  <tag k="natural" v="tree"/>
 </node>
 <node id="12033811111" visible="true" version="1" changeset="153557046" timestamp="2024-07-04T17:08:32Z" user="mamanakis" uid="20713" lat="41.7411628" lon="-111.8148519">
  <tag k="natural" v="tree"/>
 </node>
 <node id="12033811112" visible="true" version="1" changeset="153557046" timestamp="2024-07-04T17:08:32Z" user="mamanakis" uid="20713" lat="41.7405752" lon="-111.8148076">
  <tag k="natural" v="tree"/>
 </node>
 <node id="12033811113" visible="true" version="1" changeset="153557046" timestamp="2024-07-04T17:08:32Z" user="mamanakis" uid="20713" lat="41.7406373" lon="-111.8147961">
  <tag k="natural" v="tree"/>
 </node>
 <node id="12033811114" visible="true" version="1" changeset="153557046" timestamp="2024-07-04T17:08:32Z" user="mamanakis" uid="20713" lat="41.7407013" lon="-111.8147935">
  <tag k="natural" v="tree"/>
 </node>
 <node id="12033811115" visible="true" version="1" changeset="153557046" timestamp="2024-07-04T17:08:32Z" user="mamanakis" uid="20713" lat="41.7407719" lon="-111.8147952">
  <tag k="natural" v="tree"/>
 </node>
 <node id="12033811116" visible="true" version="1" changeset="153557046" timestamp="2024-07-04T17:08:32Z" user="mamanakis" uid="20713" lat="41.7408188" lon="-111.8147917">
  <tag k="natural" v="tree"/>
 </node>
 <node id="12033811117" visible="true" version="1" changeset="153557046" timestamp="2024-07-04T17:08:32Z" user="mamanakis" uid="20713" lat="41.7408789" lon="-111.8148014">
  <tag k="natural" v="tree"/>
 </node>
 <node id="12033811118" visible="true" version="1" changeset="153557046" timestamp="2024-07-04T17:08:32Z" user="mamanakis" uid="20713" lat="41.7409456" lon="-111.8148023">
  <tag k="natural" v="tree"/>
 </node>
 <node id="12033811119" visible="true" version="1" changeset="153557046" timestamp="2024-07-04T17:08:32Z" user="mamanakis" uid="20713" lat="41.7410096" lon="-111.8147917">
  <tag k="natural" v="tree"/>
 </node>
 <node id="12033811120" visible="true" version="1" changeset="153557046" timestamp="2024-07-04T17:08:32Z" user="mamanakis" uid="20713" lat="41.7408650" lon="-111.8145192">
  <tag k="natural" v="tree"/>
 </node>
 <node id="12033811121" visible="true" version="1" changeset="153557046" timestamp="2024-07-04T17:08:32Z" user="mamanakis" uid="20713" lat="41.7409053" lon="-111.8145157">
  <tag k="natural" v="tree"/>
 </node>
 <node id="12033811122" visible="true" version="1" changeset="153557046" timestamp="2024-07-04T17:08:32Z" user="mamanakis" uid="20713" lat="41.7406557" lon="-111.8145342">
  <tag k="natural" v="tree"/>
 </node>
 <node id="12033811123" visible="true" version="1" changeset="153557046" timestamp="2024-07-04T17:08:32Z" user="mamanakis" uid="20713" lat="41.7405805" lon="-111.8144254">
  <tag k="natural" v="tree"/>
 </node>
 <node id="12033811124" visible="true" version="1" changeset="153557046" timestamp="2024-07-04T17:08:32Z" user="mamanakis" uid="20713" lat="41.7406075" lon="-111.8146333">
  <tag k="natural" v="tree"/>
 </node>
 <node id="12033811125" visible="true" version="1" changeset="153557046" timestamp="2024-07-04T17:08:32Z" user="mamanakis" uid="20713" lat="41.7405277" lon="-111.8145643">
  <tag k="natural" v="tree"/>
 </node>
 <node id="12033811126" visible="true" version="1" changeset="153557046" timestamp="2024-07-04T17:08:32Z" user="mamanakis" uid="20713" lat="41.7403758" lon="-111.8145210">
  <tag k="natural" v="tree"/>
 </node>
 <node id="12033811129" visible="true" version="1" changeset="153557046" timestamp="2024-07-04T17:08:32Z" user="mamanakis" uid="20713" lat="41.7402722" lon="-111.8139122">
  <tag k="natural" v="tree"/>
 </node>
 <node id="12033811130" visible="true" version="1" changeset="153557046" timestamp="2024-07-04T17:08:32Z" user="mamanakis" uid="20713" lat="41.7403659" lon="-111.8139688">
  <tag k="natural" v="tree"/>
 </node>
 <node id="12033811131" visible="true" version="1" changeset="153557046" timestamp="2024-07-04T17:08:32Z" user="mamanakis" uid="20713" lat="41.7404821" lon="-111.8139733">
  <tag k="natural" v="tree"/>
 </node>
 <node id="12033811132" visible="true" version="1" changeset="153557046" timestamp="2024-07-04T17:08:32Z" user="mamanakis" uid="20713" lat="41.7405580" lon="-111.8139255">
  <tag k="natural" v="tree"/>
 </node>
 <node id="12033811133" visible="true" version="1" changeset="153557046" timestamp="2024-07-04T17:08:32Z" user="mamanakis" uid="20713" lat="41.7409819" lon="-111.8144051">
  <tag k="natural" v="tree"/>
 </node>
 <node id="12033811134" visible="true" version="1" changeset="153557046" timestamp="2024-07-04T17:08:32Z" user="mamanakis" uid="20713" lat="41.7410281" lon="-111.8145431">
  <tag k="natural" v="tree"/>
 </node>
 <node id="12033811135" visible="true" version="1" changeset="153557046" timestamp="2024-07-04T17:08:32Z" user="mamanakis" uid="20713" lat="41.7411251" lon="-111.8144732">
  <tag k="natural" v="tree"/>
 </node>
 <node id="12033811136" visible="true" version="1" changeset="153557046" timestamp="2024-07-04T17:08:32Z" user="mamanakis" uid="20713" lat="41.7410565" lon="-111.8143891">
  <tag k="natural" v="tree"/>
 </node>
 <node id="12033811137" visible="true" version="1" changeset="153557046" timestamp="2024-07-04T17:08:32Z" user="mamanakis" uid="20713" lat="41.7411925" lon="-111.8147192">
  <tag k="natural" v="tree"/>
 </node>
 <node id="12033811138" visible="true" version="1" changeset="153557046" timestamp="2024-07-04T17:08:32Z" user="mamanakis" uid="20713" lat="41.7409865" lon="-111.8136981">
  <tag k="natural" v="tree"/>
 </node>
 <node id="12033811139" visible="true" version="1" changeset="153557046" timestamp="2024-07-04T17:08:32Z" user="mamanakis" uid="20713" lat="41.7409396" lon="-111.8137538">
  <tag k="natural" v="tree"/>
 </node>
 <node id="12033811140" visible="true" version="1" changeset="153557046" timestamp="2024-07-04T17:08:32Z" user="mamanakis" uid="20713" lat="41.7409066" lon="-111.8136335">
  <tag k="natural" v="tree"/>
 </node>
 <node id="12033811141" visible="true" version="1" changeset="153557046" timestamp="2024-07-04T17:08:32Z" user="mamanakis" uid="20713" lat="41.7410189" lon="-111.8135185">
  <tag k="natural" v="tree"/>
 </node>
 <node id="12033811142" visible="true" version="1" changeset="153557046" timestamp="2024-07-04T17:08:32Z" user="mamanakis" uid="20713" lat="41.7409304" lon="-111.8135344">
  <tag k="natural" v="tree"/>
 </node>
 <node id="12033811143" visible="true" version="1" changeset="153557046" timestamp="2024-07-04T17:08:32Z" user="mamanakis" uid="20713" lat="41.7408393" lon="-111.8135344">
  <tag k="natural" v="tree"/>
 </node>
 <node id="12033811144" visible="true" version="1" changeset="153557046" timestamp="2024-07-04T17:08:32Z" user="mamanakis" uid="20713" lat="41.7407343" lon="-111.8135388">
  <tag k="natural" v="tree"/>
 </node>
 <node id="12033811145" visible="true" version="1" changeset="153557046" timestamp="2024-07-04T17:08:32Z" user="mamanakis" uid="20713" lat="41.7406386" lon="-111.8135415">
  <tag k="natural" v="tree"/>
 </node>
 <node id="12033811146" visible="true" version="1" changeset="153557046" timestamp="2024-07-04T17:08:32Z" user="mamanakis" uid="20713" lat="41.7403553" lon="-111.8135733">
  <tag k="natural" v="tree"/>
 </node>
 <node id="12033811147" visible="true" version="1" changeset="153557046" timestamp="2024-07-04T17:08:32Z" user="mamanakis" uid="20713" lat="41.7402768" lon="-111.8135601">
  <tag k="natural" v="tree"/>
 </node>
 <node id="12033811148" visible="true" version="1" changeset="153557046" timestamp="2024-07-04T17:08:32Z" user="mamanakis" uid="20713" lat="41.7403494" lon="-111.8136609">
  <tag k="natural" v="tree"/>
 </node>
 <node id="12033811149" visible="true" version="1" changeset="153557046" timestamp="2024-07-04T17:08:32Z" user="mamanakis" uid="20713" lat="41.7404352" lon="-111.8135477">
  <tag k="natural" v="tree"/>
 </node>
 <node id="12033811150" visible="true" version="1" changeset="153557046" timestamp="2024-07-04T17:08:32Z" user="mamanakis" uid="20713" lat="41.7405296" lon="-111.8136521">
  <tag k="natural" v="tree"/>
 </node>
 <node id="12033811151" visible="true" version="1" changeset="153557046" timestamp="2024-07-04T17:08:32Z" user="mamanakis" uid="20713" lat="41.7405019" lon="-111.8136618">
  <tag k="natural" v="tree"/>
 </node>
 <node id="12033811152" visible="true" version="1" changeset="153557046" timestamp="2024-07-04T17:08:32Z" user="mamanakis" uid="20713" lat="41.7405891" lon="-111.8137866">
  <tag k="natural" v="tree"/>
 </node>
 <node id="12033811153" visible="true" version="1" changeset="153557046" timestamp="2024-07-04T17:08:32Z" user="mamanakis" uid="20713" lat="41.7405910" lon="-111.8138326">
  <tag k="natural" v="tree"/>
 </node>
 <node id="12033811154" visible="true" version="1" changeset="153557046" timestamp="2024-07-04T17:08:32Z" user="mamanakis" uid="20713" lat="41.7405943" lon="-111.8139573">
  <tag k="natural" v="tree"/>
 </node>
 <node id="12033811157" visible="true" version="1" changeset="153557046" timestamp="2024-07-04T17:08:32Z" user="mamanakis" uid="20713" lat="41.7414500" lon="-111.8147165">
  <tag k="natural" v="tree"/>
 </node>
 <node id="12033811160" visible="true" version="1" changeset="153557046" timestamp="2024-07-04T17:08:32Z" user="mamanakis" uid="20713" lat="41.7413879" lon="-111.8145009">
  <tag k="natural" v="tree"/>
 </node>
 <node id="12037082022" visible="true" version="1" changeset="153610132" timestamp="2024-07-06T04:23:38Z" user="mamanakis" uid="20713" lat="41.7401919" lon="-111.8131046"/>
 <node id="12037082024" visible="true" version="1" changeset="153610132" timestamp="2024-07-06T04:23:38Z" user="mamanakis" uid="20713" lat="41.7401902" lon="-111.8129066"/>
 <node id="12037082025" visible="true" version="1" changeset="153610132" timestamp="2024-07-06T04:23:38Z" user="mamanakis" uid="20713" lat="41.7401907" lon="-111.8128689"/>
 <node id="12037082026" visible="true" version="1" changeset="153610132" timestamp="2024-07-06T04:23:38Z" user="mamanakis" uid="20713" lat="41.7402120" lon="-111.8128689"/>
 <node id="12037082027" visible="true" version="1" changeset="153610132" timestamp="2024-07-06T04:23:38Z" user="mamanakis" uid="20713" lat="41.7402133" lon="-111.8128406"/>
 <node id="12037082028" visible="true" version="1" changeset="153610132" timestamp="2024-07-06T04:23:38Z" user="mamanakis" uid="20713" lat="41.7402455" lon="-111.8128412"/>
 <node id="12037082029" visible="true" version="1" changeset="153610132" timestamp="2024-07-06T04:23:38Z" user="mamanakis" uid="20713" lat="41.7402453" lon="-111.8128252"/>
 <node id="12037082030" visible="true" version="1" changeset="153610132" timestamp="2024-07-06T04:23:38Z" user="mamanakis" uid="20713" lat="41.7402715" lon="-111.8128260"/>
 <node id="12037082031" visible="true" version="1" changeset="153610132" timestamp="2024-07-06T04:23:38Z" user="mamanakis" uid="20713" lat="41.7402711" lon="-111.8127675"/>
 <node id="12037082032" visible="true" version="1" changeset="153610132" timestamp="2024-07-06T04:23:38Z" user="mamanakis" uid="20713" lat="41.7402448" lon="-111.8127663"/>
 <node id="12037082033" visible="true" version="1" changeset="153610132" timestamp="2024-07-06T04:23:38Z" user="mamanakis" uid="20713" lat="41.7402452" lon="-111.8127526"/>
 <node id="12037082034" visible="true" version="1" changeset="153610132" timestamp="2024-07-06T04:23:38Z" user="mamanakis" uid="20713" lat="41.7402119" lon="-111.8127514"/>
 <node id="12037082035" visible="true" version="1" changeset="153610132" timestamp="2024-07-06T04:23:38Z" user="mamanakis" uid="20713" lat="41.7402119" lon="-111.8127211"/>
 <node id="12037082036" visible="true" version="1" changeset="153610132" timestamp="2024-07-06T04:23:38Z" user="mamanakis" uid="20713" lat="41.7401895" lon="-111.8127220"/>
 <node id="12037082037" visible="true" version="1" changeset="153610132" timestamp="2024-07-06T04:23:38Z" user="mamanakis" uid="20713" lat="41.7401895" lon="-111.8125150"/>
 <node id="12037082049" visible="true" version="1" changeset="153610132" timestamp="2024-07-06T04:23:38Z" user="mamanakis" uid="20713" lat="41.7401860" lon="-111.8116867"/>
 <node id="12037082050" visible="true" version="1" changeset="153610132" timestamp="2024-07-06T04:23:38Z" user="mamanakis" uid="20713" lat="41.7401858" lon="-111.8116099"/>
 <node id="12037082051" visible="true" version="1" changeset="153610132" timestamp="2024-07-06T04:23:38Z" user="mamanakis" uid="20713" lat="41.7402668" lon="-111.8116108"/>
 <node id="12040893179" visible="true" version="1" changeset="153683794" timestamp="2024-07-08T02:11:20Z" user="mamanakis" uid="20713" lat="41.7414979" lon="-111.8141311"/>
 <node id="12040893182" visible="true" version="1" changeset="153683794" timestamp="2024-07-08T02:11:20Z" user="mamanakis" uid="20713" lat="41.7414790" lon="-111.8139184"/>
 <node id="12040893184" visible="true" version="1" changeset="153683794" timestamp="2024-07-08T02:11:20Z" user="mamanakis" uid="20713" lat="41.7415029" lon="-111.8138602"/>
 <node id="12040893185" visible="true" version="1" changeset="153683794" timestamp="2024-07-08T02:11:20Z" user="mamanakis" uid="20713" lat="41.7414383" lon="-111.8138934"/>
 <node id="12040893186" visible="true" version="1" changeset="153683794" timestamp="2024-07-08T02:11:20Z" user="mamanakis" uid="20713" lat="41.7416925" lon="-111.8138986"/>
 <node id="12040893188" visible="true" version="1" changeset="153683794" timestamp="2024-07-08T02:11:20Z" user="mamanakis" uid="20713" lat="41.7414501" lon="-111.8138793"/>
 <node id="12040893191" visible="true" version="1" changeset="153683794" timestamp="2024-07-08T02:11:20Z" user="mamanakis" uid="20713" lat="41.7418102" lon="-111.8141766"/>
 <node id="12040893192" visible="true" version="1" changeset="153683794" timestamp="2024-07-08T02:11:20Z" user="mamanakis" uid="20713" lat="41.7416378" lon="-111.8141714"/>
 <node id="12040893193" visible="true" version="1" changeset="153683794" timestamp="2024-07-08T02:11:20Z" user="mamanakis" uid="20713" lat="41.7414932" lon="-111.8141599"/>
 <node id="12040893429" visible="true" version="1" changeset="153683794" timestamp="2024-07-08T02:11:20Z" user="mamanakis" uid="20713" lat="41.7412818" lon="-111.8145208"/>
 <node id="12040893430" visible="true" version="1" changeset="153683794" timestamp="2024-07-08T02:11:20Z" user="mamanakis" uid="20713" lat="41.7413338" lon="-111.8144761"/>
 <node id="12040893431" visible="true" version="1" changeset="153683794" timestamp="2024-07-08T02:11:20Z" user="mamanakis" uid="20713" lat="41.7414014" lon="-111.8144327"/>
 <node id="12040893432" visible="true" version="1" changeset="153683794" timestamp="2024-07-08T02:11:20Z" user="mamanakis" uid="20713" lat="41.7414786" lon="-111.8143880"/>
 <node id="12040893433" visible="true" version="1" changeset="153683794" timestamp="2024-07-08T02:11:20Z" user="mamanakis" uid="20713" lat="41.7415521" lon="-111.8143598"/>
 <node id="12040893434" visible="true" version="1" changeset="153683794" timestamp="2024-07-08T02:11:20Z" user="mamanakis" uid="20713" lat="41.7415694" lon="-111.8143549"/>
 <node id="12040893435" visible="true" version="1" changeset="153683794" timestamp="2024-07-08T02:11:20Z" user="mamanakis" uid="20713" lat="41.7414856" lon="-111.8143853"/>
 <node id="12040893464" visible="true" version="1" changeset="153683794" timestamp="2024-07-08T02:11:20Z" user="mamanakis" uid="20713" lat="41.7413714" lon="-111.8147791"/>
 <node id="12040893465" visible="true" version="1" changeset="153683794" timestamp="2024-07-08T02:11:20Z" user="mamanakis" uid="20713" lat="41.7413776" lon="-111.8147836"/>
 <node id="12040893466" visible="true" version="1" changeset="153683794" timestamp="2024-07-08T02:11:20Z" user="mamanakis" uid="20713" lat="41.7413732" lon="-111.8147969"/>
 <node id="12040893467" visible="true" version="1" changeset="153683794" timestamp="2024-07-08T02:11:20Z" user="mamanakis" uid="20713" lat="41.7413629" lon="-111.8148081"/>
 <node id="12040893468" visible="true" version="1" changeset="153683794" timestamp="2024-07-08T02:11:20Z" user="mamanakis" uid="20713" lat="41.7413506" lon="-111.8148135"/>
 <node id="12040893469" visible="true" version="1" changeset="153683794" timestamp="2024-07-08T02:11:20Z" user="mamanakis" uid="20713" lat="41.7413359" lon="-111.8148140"/>
 <node id="12040893470" visible="true" version="1" changeset="153683794" timestamp="2024-07-08T02:11:20Z" user="mamanakis" uid="20713" lat="41.7413180" lon="-111.8148065"/>
 <node id="12040893471" visible="true" version="1" changeset="153683794" timestamp="2024-07-08T02:11:20Z" user="mamanakis" uid="20713" lat="41.7413116" lon="-111.8148412"/>
 <node id="12040893472" visible="true" version="1" changeset="153683794" timestamp="2024-07-08T02:11:20Z" user="mamanakis" uid="20713" lat="41.7413184" lon="-111.8148577"/>
 <node id="12040893473" visible="true" version="1" changeset="153683794" timestamp="2024-07-08T02:11:20Z" user="mamanakis" uid="20713" lat="41.7413259" lon="-111.8148721"/>
 <node id="12040893474" visible="true" version="1" changeset="153683794" timestamp="2024-07-08T02:11:20Z" user="mamanakis" uid="20713" lat="41.7413458" lon="-111.8148902"/>
 <node id="12040893475" visible="true" version="1" changeset="153683794" timestamp="2024-07-08T02:11:20Z" user="mamanakis" uid="20713" lat="41.7414150" lon="-111.8149365"/>
 <node id="12040893476" visible="true" version="1" changeset="153683794" timestamp="2024-07-08T02:11:20Z" user="mamanakis" uid="20713" lat="41.7415827" lon="-111.8150356"/>
 <node id="12040893477" visible="true" version="1" changeset="153683794" timestamp="2024-07-08T02:11:20Z" user="mamanakis" uid="20713" lat="41.7415958" lon="-111.8150367"/>
 <node id="12040893478" visible="true" version="1" changeset="153683794" timestamp="2024-07-08T02:11:20Z" user="mamanakis" uid="20713" lat="41.7416038" lon="-111.8150292"/>
 <node id="12040893479" visible="true" version="1" changeset="153683794" timestamp="2024-07-08T02:11:20Z" user="mamanakis" uid="20713" lat="41.7416133" lon="-111.8150116"/>
 <node id="12040893480" visible="true" version="1" changeset="153683794" timestamp="2024-07-08T02:11:20Z" user="mamanakis" uid="20713" lat="41.7416300" lon="-111.8149593"/>
 <node id="12040893481" visible="true" version="2" changeset="153718819" timestamp="2024-07-08T19:48:36Z" user="mamanakis" uid="20713" lat="41.7416559" lon="-111.8148391"/>
 <node id="12040893489" visible="true" version="2" changeset="153718819" timestamp="2024-07-08T19:48:36Z" user="mamanakis" uid="20713" lat="41.7416400" lon="-111.8146536"/>
 <node id="12040893490" visible="true" version="1" changeset="153683794" timestamp="2024-07-08T02:11:20Z" user="mamanakis" uid="20713" lat="41.7415641" lon="-111.8146233"/>
 <node id="12040893491" visible="true" version="1" changeset="153683794" timestamp="2024-07-08T02:11:20Z" user="mamanakis" uid="20713" lat="41.7415707" lon="-111.8145885"/>
 <node id="12040893492" visible="true" version="1" changeset="153683794" timestamp="2024-07-08T02:11:20Z" user="mamanakis" uid="20713" lat="41.7415807" lon="-111.8145825"/>
 <node id="12040893493" visible="true" version="1" changeset="153683794" timestamp="2024-07-08T02:11:20Z" user="mamanakis" uid="20713" lat="41.7415911" lon="-111.8145495"/>
 <node id="12040893494" visible="true" version="1" changeset="153683794" timestamp="2024-07-08T02:11:20Z" user="mamanakis" uid="20713" lat="41.7415943" lon="-111.8145393"/>
 <node id="12040893495" visible="true" version="1" changeset="153683794" timestamp="2024-07-08T02:11:20Z" user="mamanakis" uid="20713" lat="41.7416071" lon="-111.8145410"/>
 <node id="12040893496" visible="true" version="1" changeset="153683794" timestamp="2024-07-08T02:11:20Z" user="mamanakis" uid="20713" lat="41.7416111" lon="-111.8145203"/>
 <node id="12040893497" visible="true" version="1" changeset="153683794" timestamp="2024-07-08T02:11:20Z" user="mamanakis" uid="20713" lat="41.7415492" lon="-111.8144918"/>
 <node id="12040893498" visible="true" version="1" changeset="153683794" timestamp="2024-07-08T02:11:20Z" user="mamanakis" uid="20713" lat="41.7415227" lon="-111.8144528"/>
 <node id="12040893499" visible="true" version="1" changeset="153683794" timestamp="2024-07-08T02:11:20Z" user="mamanakis" uid="20713" lat="41.7414925" lon="-111.8144050"/>
 <node id="12040893500" visible="true" version="1" changeset="153683794" timestamp="2024-07-08T02:11:20Z" user="mamanakis" uid="20713" lat="41.7414865" lon="-111.8143983"/>
 <node id="12040893501" visible="true" version="1" changeset="153683794" timestamp="2024-07-08T02:11:20Z" user="mamanakis" uid="20713" lat="41.7414464" lon="-111.8144177"/>
 <node id="12040893502" visible="true" version="1" changeset="153683794" timestamp="2024-07-08T02:11:20Z" user="mamanakis" uid="20713" lat="41.7414094" lon="-111.8144380"/>
 <node id="12040893503" visible="true" version="1" changeset="153683794" timestamp="2024-07-08T02:11:20Z" user="mamanakis" uid="20713" lat="41.7413627" lon="-111.8144637"/>
 <node id="12040893504" visible="true" version="1" changeset="153683794" timestamp="2024-07-08T02:11:20Z" user="mamanakis" uid="20713" lat="41.7413281" lon="-111.8144883"/>
 <node id="12040893505" visible="true" version="1" changeset="153683794" timestamp="2024-07-08T02:11:20Z" user="mamanakis" uid="20713" lat="41.7413079" lon="-111.8145066"/>
 <node id="12040893506" visible="true" version="1" changeset="153683794" timestamp="2024-07-08T02:11:20Z" user="mamanakis" uid="20713" lat="41.7412741" lon="-111.8145537"/>
 <node id="12040893507" visible="true" version="1" changeset="153683794" timestamp="2024-07-08T02:11:20Z" user="mamanakis" uid="20713" lat="41.7412620" lon="-111.8145748"/>
 <node id="12040893508" visible="true" version="1" changeset="153683794" timestamp="2024-07-08T02:11:20Z" user="mamanakis" uid="20713" lat="41.7412539" lon="-111.8146011"/>
 <node id="12040893509" visible="true" version="1" changeset="153683794" timestamp="2024-07-08T02:11:20Z" user="mamanakis" uid="20713" lat="41.7412476" lon="-111.8146472"/>
 <node id="12040893510" visible="true" version="1" changeset="153683794" timestamp="2024-07-08T02:11:20Z" user="mamanakis" uid="20713" lat="41.7412418" lon="-111.8146904"/>
 <node id="12040893511" visible="true" version="1" changeset="153683794" timestamp="2024-07-08T02:11:20Z" user="mamanakis" uid="20713" lat="41.7412389" lon="-111.8147266"/>
 <node id="12040893512" visible="true" version="1" changeset="153683794" timestamp="2024-07-08T02:11:20Z" user="mamanakis" uid="20713" lat="41.7412478" lon="-111.8147305"/>
 <node id="12040893513" visible="true" version="1" changeset="153683794" timestamp="2024-07-08T02:11:20Z" user="mamanakis" uid="20713" lat="41.7413257" lon="-111.8147685"/>
 <node id="12040893514" visible="true" version="1" changeset="153683794" timestamp="2024-07-08T02:11:20Z" user="mamanakis" uid="20713" lat="41.7412788" lon="-111.8147508"/>
 <node id="12040893515" visible="true" version="1" changeset="153683794" timestamp="2024-07-08T02:11:20Z" user="mamanakis" uid="20713" lat="41.7412699" lon="-111.8147899"/>
 <node id="12040893516" visible="true" version="1" changeset="153683794" timestamp="2024-07-08T02:11:20Z" user="mamanakis" uid="20713" lat="41.7412597" lon="-111.8147864"/>
 <node id="12040893517" visible="true" version="1" changeset="153683794" timestamp="2024-07-08T02:11:20Z" user="mamanakis" uid="20713" lat="41.7412526" lon="-111.8147820"/>
 <node id="12040893518" visible="true" version="1" changeset="153683794" timestamp="2024-07-08T02:11:20Z" user="mamanakis" uid="20713" lat="41.7412453" lon="-111.8147723"/>
 <node id="12040893519" visible="true" version="1" changeset="153683794" timestamp="2024-07-08T02:11:20Z" user="mamanakis" uid="20713" lat="41.7412427" lon="-111.8147569"/>
 <node id="12040893520" visible="true" version="1" changeset="153683794" timestamp="2024-07-08T02:11:20Z" user="mamanakis" uid="20713" lat="41.7412393" lon="-111.8147319"/>
 <node id="12040893521" visible="true" version="1" changeset="153683794" timestamp="2024-07-08T02:11:20Z" user="mamanakis" uid="20713" lat="41.7416112" lon="-111.8150639"/>
 <node id="12040893552" visible="true" version="1" changeset="153683794" timestamp="2024-07-08T02:11:20Z" user="mamanakis" uid="20713" lat="41.7405838" lon="-111.8135887"/>
 <node id="12040898360" visible="true" version="1" changeset="153684104" timestamp="2024-07-08T02:34:29Z" user="mamanakis" uid="20713" lat="41.7420908" lon="-111.8142602"/>
 <node id="12040898361" visible="true" version="1" changeset="153684104" timestamp="2024-07-08T02:34:29Z" user="mamanakis" uid="20713" lat="41.7420618" lon="-111.8142442"/>
 <node id="12040898362" visible="true" version="1" changeset="153684104" timestamp="2024-07-08T02:34:29Z" user="mamanakis" uid="20713" lat="41.7420248" lon="-111.8142342"/>
 <node id="12040898363" visible="true" version="1" changeset="153684104" timestamp="2024-07-08T02:34:29Z" user="mamanakis" uid="20713" lat="41.7419779" lon="-111.8142196"/>
 <node id="12042738019" visible="true" version="1" changeset="153726741" timestamp="2024-07-09T03:28:19Z" user="mamanakis" uid="20713" lat="41.7417719" lon="-111.8151567"/>
 <node id="12047583490" visible="true" version="1" changeset="153818942" timestamp="2024-07-11T16:16:24Z" user="mamanakis" uid="20713" lat="41.7408899" lon="-111.8146422">
  <tag k="highway" v="street_lamp"/>
 </node>
 <node id="12047583491" visible="true" version="1" changeset="153818942" timestamp="2024-07-11T16:16:24Z" user="mamanakis" uid="20713" lat="41.7406751" lon="-111.8146544">
  <tag k="highway" v="street_lamp"/>
 </node>
 <node id="12047583492" visible="true" version="1" changeset="153818942" timestamp="2024-07-11T16:16:24Z" user="mamanakis" uid="20713" lat="41.7405048" lon="-111.8144466">
  <tag k="highway" v="street_lamp"/>
 </node>
 <node id="12047583496" visible="true" version="1" changeset="153818942" timestamp="2024-07-11T16:16:24Z" user="mamanakis" uid="20713" lat="41.7402739" lon="-111.8134817">
  <tag k="highway" v="street_lamp"/>
 </node>
 <node id="12047583507" visible="true" version="1" changeset="153818942" timestamp="2024-07-11T16:16:24Z" user="mamanakis" uid="20713" lat="41.7405728" lon="-111.8134647">
  <tag k="highway" v="street_lamp"/>
 </node>
 <node id="12047583508" visible="true" version="1" changeset="153818942" timestamp="2024-07-11T16:16:24Z" user="mamanakis" uid="20713" lat="41.7407810" lon="-111.8134606">
  <tag k="highway" v="street_lamp"/>
 </node>
 <node id="12047583509" visible="true" version="1" changeset="153818942" timestamp="2024-07-11T16:16:24Z" user="mamanakis" uid="20713" lat="41.7409669" lon="-111.8134554">
  <tag k="highway" v="street_lamp"/>
 </node>
 <node id="12047583510" visible="true" version="1" changeset="153818942" timestamp="2024-07-11T16:16:24Z" user="mamanakis" uid="20713" lat="41.7411569" lon="-111.8134519">
  <tag k="highway" v="street_lamp"/>
 </node>
 <node id="12047583511" visible="true" version="1" changeset="153818942" timestamp="2024-07-11T16:16:24Z" user="mamanakis" uid="20713" lat="41.7413089" lon="-111.8134478">
  <tag k="highway" v="street_lamp"/>
 </node>
 <node id="12047583524" visible="true" version="1" changeset="153818942" timestamp="2024-07-11T16:16:24Z" user="mamanakis" uid="20713" lat="41.7413428" lon="-111.8141816">
  <tag k="highway" v="street_lamp"/>
 </node>
 <node id="12052001464" visible="true" version="1" changeset="153912930" timestamp="2024-07-13T23:36:11Z" user="mamanakis" uid="20713" lat="41.7410219" lon="-111.8134960"/>
 <node id="12154447919" visible="true" version="1" changeset="156162385" timestamp="2024-09-03T22:59:56Z" user="Xvtn" uid="14249378" lat="41.7391593" lon="-111.8144630"/>
 <node id="12154447920" visible="true" version="1" changeset="156162385" timestamp="2024-09-03T22:59:56Z" user="Xvtn" uid="14249378" lat="41.7400951" lon="-111.8144619"/>
 <node id="12154447921" visible="true" version="1" changeset="156162385" timestamp="2024-09-03T22:59:56Z" user="Xvtn" uid="14249378" lat="41.7401194" lon="-111.8145656"/>
 <node id="12154447922" visible="true" version="1" changeset="156162385" timestamp="2024-09-03T22:59:56Z" user="Xvtn" uid="14249378" lat="41.7401755" lon="-111.8146601"/>
 <node id="12154447923" visible="true" version="1" changeset="156162385" timestamp="2024-09-03T22:59:56Z" user="Xvtn" uid="14249378" lat="41.7402384" lon="-111.8147221"/>
 <node id="12154447924" visible="true" version="1" changeset="156162385" timestamp="2024-09-03T22:59:56Z" user="Xvtn" uid="14249378" lat="41.7403492" lon="-111.8147648"/>
 <node id="12154447925" visible="true" version="1" changeset="156162385" timestamp="2024-09-03T22:59:56Z" user="Xvtn" uid="14249378" lat="41.7409623" lon="-111.8147629"/>
 <node id="12154447926" visible="true" version="1" changeset="156162385" timestamp="2024-09-03T22:59:56Z" user="Xvtn" uid="14249378" lat="41.7410336" lon="-111.8147429"/>
 <node id="12154447927" visible="true" version="1" changeset="156162385" timestamp="2024-09-03T22:59:56Z" user="Xvtn" uid="14249378" lat="41.7411049" lon="-111.8147145"/>
 <node id="12154447928" visible="true" version="1" changeset="156162385" timestamp="2024-09-03T22:59:56Z" user="Xvtn" uid="14249378" lat="41.7411755" lon="-111.8146339"/>
 <node id="12154447929" visible="true" version="1" changeset="156162385" timestamp="2024-09-03T22:59:56Z" user="Xvtn" uid="14249378" lat="41.7412852" lon="-111.8144833"/>
 <node id="12154447930" visible="true" version="1" changeset="156162385" timestamp="2024-09-03T22:59:56Z" user="Xvtn" uid="14249378" lat="41.7413828" lon="-111.8143817"/>
 <node id="12154447931" visible="true" version="1" changeset="156162385" timestamp="2024-09-03T22:59:56Z" user="Xvtn" uid="14249378" lat="41.7415100" lon="-111.8143199"/>
 <node id="12154447932" visible="true" version="1" changeset="156162385" timestamp="2024-09-03T22:59:56Z" user="Xvtn" uid="14249378" lat="41.7416450" lon="-111.8143000"/>
 <node id="12154447933" visible="true" version="1" changeset="156162385" timestamp="2024-09-03T22:59:56Z" user="Xvtn" uid="14249378" lat="41.7468137" lon="-111.8141176"/>
 <node id="12154447934" visible="true" version="1" changeset="156162385" timestamp="2024-09-03T22:59:56Z" user="Xvtn" uid="14249378" lat="41.7591589" lon="-111.8139209"/>
 <node id="13057188826" visible="true" version="1" changeset="170131567" timestamp="2025-08-08T00:41:40Z" user="Xvtn" uid="14249378" lat="41.7416616" lon="-111.8077753"/>
 <node id="13057188827" visible="true" version="1" changeset="170131567" timestamp="2025-08-08T00:41:40Z" user="Xvtn" uid="14249378" lat="41.7415096" lon="-111.8088476"/>
 <node id="13057188828" visible="true" version="1" changeset="170131567" timestamp="2025-08-08T00:41:40Z" user="Xvtn" uid="14249378" lat="41.7417659" lon="-111.8075272"/>
 <node id="13057188834" visible="true" version="3" changeset="178359956" timestamp="2026-02-10T13:24:38Z" user="Sytys" uid="11660817" lat="41.7415123" lon="-111.8087430"/>
 <node id="13057188839" visible="true" version="1" changeset="170131567" timestamp="2025-08-08T00:41:40Z" user="Xvtn" uid="14249378" lat="41.7415133" lon="-111.8082237"/>
 <node id="13305510603" visible="true" version="2" changeset="174669341" timestamp="2025-11-14T23:30:34Z" user="Sytys" uid="11660817" lat="41.7400811" lon="-111.8141612"/>
 <node id="13305510604" visible="true" version="1" changeset="174669188" timestamp="2025-11-14T23:23:13Z" user="Sytys" uid="11660817" lat="41.7394500" lon="-111.8143894"/>
 <node id="13305520592" visible="true" version="1" changeset="174669341" timestamp="2025-11-14T23:30:34Z" user="Sytys" uid="11660817" lat="41.7397380" lon="-111.8143888"/>
 <node id="13305520593" visible="true" version="1" changeset="174669341" timestamp="2025-11-14T23:30:34Z" user="Sytys" uid="11660817" lat="41.7395753" lon="-111.8143891"/>
 <node id="13305520594" visible="true" version="1" changeset="174669341" timestamp="2025-11-14T23:30:34Z" user="Sytys" uid="11660817" lat="41.7395833" lon="-111.8143230"/>
 <node id="13305520595" visible="true" version="1" changeset="174669341" timestamp="2025-11-14T23:30:34Z" user="Sytys" uid="11660817" lat="41.7397278" lon="-111.8143236"/>
 <node id="13305520596" visible="true" version="1" changeset="174669341" timestamp="2025-11-14T23:30:34Z" user="Sytys" uid="11660817" lat="41.7399994" lon="-111.8141593"/>
 <node id="13305520597" visible="true" version="1" changeset="174669341" timestamp="2025-11-14T23:30:34Z" user="Sytys" uid="11660817" lat="41.7394466" lon="-111.8143333"/>
 <node id="13727434621" visible="true" version="1" changeset="181274658" timestamp="2026-04-13T12:49:04Z" user="Xvtn" uid="14249378" lat="41.7403096" lon="-111.8136698">
  <tag k="amenity" v="waste_disposal"/>
 </node>
 <way id="29261250" visible="true" version="21" changeset="153527643" timestamp="2024-07-04T05:35:52Z" user="mamanakis" uid="20713">
  <nd ref="2699536563"/>
  <nd ref="2699536555"/>
  <nd ref="321791321"/>
  <nd ref="321791323"/>
  <nd ref="2699513014"/>
  <nd ref="12032612600"/>
  <nd ref="429637539"/>
  <nd ref="12032612599"/>
  <nd ref="429637540"/>
  <nd ref="2699513016"/>
  <nd ref="2699513017"/>
  <nd ref="2699513018"/>
  <nd ref="2699513020"/>
  <nd ref="429637542"/>
  <nd ref="2699513021"/>
  <nd ref="321791326"/>
  <nd ref="12032596768"/>
 </way>
 <way id="29261998" visible="true" version="32" changeset="158051757" timestamp="2024-10-18T13:43:13Z" user="Xvtn" uid="14249378">
  <nd ref="10733027463"/>
  <nd ref="8837287725"/>
  <nd ref="321797037"/>
  <nd ref="5604234173"/>
  <nd ref="8837287724"/>
  <nd ref="321797038"/>
  <nd ref="9225763924"/>
  <nd ref="321797039"/>
  <nd ref="8837287723"/>
  <nd ref="321801320"/>
  <nd ref="11991311633"/>
  <nd ref="321797040"/>
  <nd ref="11991311639"/>
  <nd ref="321797041"/>
  <nd ref="4539981604"/>
  <nd ref="11991311641"/>
  <nd ref="4539981605"/>
  <nd ref="11203309082"/>
  <nd ref="321801268"/>
  <nd ref="4539981587"/>
  <nd ref="10131053626"/>
  <nd ref="321797045"/>
  <nd ref="8837287718"/>
  <nd ref="5604208997"/>
  <nd ref="5564867296"/>
  <nd ref="11009493243"/>
  <nd ref="11009493236"/>
  <nd ref="11009493267"/>
  <nd ref="431038828"/>
  <nd ref="11009493291"/>
  <nd ref="11009493298"/>
  <nd ref="8837285215"/>
  <nd ref="321797046"/>
  <nd ref="11009493272"/>
  <nd ref="8837285214"/>
  <nd ref="11014269759"/>
  <nd ref="321797047"/>
  <nd ref="11009493225"/>
  <nd ref="8837285213"/>
  <nd ref="321797048"/>
  <nd ref="321797049"/>
  <tag k="highway" v="unclassified"/>
  <tag k="lanes" v="2"/>
  <tag k="name" v="Champ Drive"/>
  <tag k="sidewalk" v="separate"/>
  <tag k="surface" v="asphalt"/>
 </way>
 <way id="29262384" visible="true" version="13" changeset="153527932" timestamp="2024-07-04T05:49:00Z" user="mamanakis" uid="20713">
  <nd ref="321800056"/>
  <nd ref="12008114242"/>
 </way>
 <way id="29262444" visible="true" version="8" changeset="153164663" timestamp="2024-06-25T16:15:46Z" user="mamanakis" uid="20713">
  <nd ref="321800428"/>
  <nd ref="10174573256"/>
  <nd ref="321800499"/>
  <nd ref="12009851394"/>
  <nd ref="321800430"/>
  <tag k="bicycle" v="yes"/>
  <tag k="foot" v="designated"/>
  <tag k="highway" v="path"/>
  <tag k="surface" v="concrete"/>
 </way>
 <way id="29262492" visible="true" version="12" changeset="153164663" timestamp="2024-06-25T16:15:46Z" user="mamanakis" uid="20713">
  <nd ref="9225759972"/>
  <nd ref="321800498"/>
  <nd ref="9217030261"/>
  <nd ref="12009851396"/>
  <nd ref="321800499"/>
  <nd ref="10733027443"/>
  <tag k="bicycle" v="yes"/>
  <tag k="foot" v="designated"/>
  <tag k="highway" v="path"/>
  <tag k="surface" v="concrete"/>
 </way>
 <way id="29262613" visible="true" version="25" changeset="170131567" timestamp="2025-08-08T00:41:40Z" user="Xvtn" uid="14249378">
  <nd ref="2699536550"/>
  <nd ref="321828517"/>
  <nd ref="9389035405"/>
  <nd ref="2699513040"/>
  <nd ref="2699513038"/>
  <nd ref="10174572927"/>
  <nd ref="321828516"/>
  <nd ref="12005099882"/>
  <nd ref="9217030261"/>
  <nd ref="9254599914"/>
  <nd ref="10174508178"/>
  <nd ref="10174564762"/>
  <nd ref="9254599912"/>
  <nd ref="321830454"/>
  <nd ref="9222417885"/>
  <nd ref="9222417876"/>
  <nd ref="9432545014"/>
  <nd ref="9184889750"/>
  <nd ref="321828225"/>
  <nd ref="12001956240"/>
  <nd ref="9217030257"/>
  <nd ref="9225760004"/>
  <nd ref="9225760001"/>
  <nd ref="9225760000"/>
  <nd ref="12001803548"/>
  <nd ref="9225759998"/>
  <nd ref="321828514"/>
  <nd ref="321828682"/>
  <nd ref="11223389133"/>
  <nd ref="11223389134"/>
  <nd ref="13057188827"/>
  <nd ref="13057188834"/>
  <nd ref="13057188839"/>
  <nd ref="321828513"/>
  <nd ref="13057188826"/>
  <nd ref="13057188828"/>
  <nd ref="321828511"/>
  <nd ref="12009855029"/>
  <nd ref="12009855037"/>
  <nd ref="321828369"/>
  <tag k="bicycle" v="yes"/>
  <tag k="foot" v="designated"/>
  <tag k="highway" v="path"/>
  <tag k="noname" v="yes"/>
  <tag k="surface" v="concrete"/>
 </way>
 <way id="29262618" visible="true" version="8" changeset="153526023" timestamp="2024-07-04T04:02:20Z" user="mamanakis" uid="20713">
  <nd ref="321801371"/>
  <nd ref="321801405"/>
  <nd ref="12032343987"/>
  <nd ref="9976400836"/>
  <nd ref="321801489"/>
  <nd ref="9976400839"/>
  <nd ref="12032258839"/>
  <nd ref="9227597260"/>
  <tag k="bicycle" v="yes"/>
  <tag k="foot" v="designated"/>
  <tag k="highway" v="path"/>
  <tag k="surface" v="concrete"/>
 </way>
 <way id="29262635" visible="true" version="7" changeset="153726741" timestamp="2024-07-09T03:28:19Z" user="mamanakis" uid="20713">
  <nd ref="321801489"/>
  <nd ref="12032636349"/>
  <nd ref="12032636350"/>
  <nd ref="12032636348"/>
  <nd ref="12040893521"/>
  <nd ref="321801425"/>
  <nd ref="12042738019"/>
  <tag k="bicycle" v="yes"/>
  <tag k="foot" v="designated"/>
  <tag k="highway" v="path"/>
  <tag k="surface" v="concrete"/>
 </way>
 <way id="29266159" visible="true" version="8" changeset="137848034" timestamp="2023-06-27T18:38:00Z" user="mamanakis" uid="20713">
  <nd ref="321828517"/>
  <nd ref="2699513037"/>
  <nd ref="11010888042"/>
  <nd ref="10733027447"/>
  <nd ref="321831086"/>
  <tag k="bicycle" v="yes"/>
  <tag k="foot" v="designated"/>
  <tag k="highway" v="path"/>
  <tag k="surface" v="concrete"/>
 </way>
 <way id="29267274" visible="true" version="15" changeset="153092971" timestamp="2024-06-24T04:28:43Z" user="mamanakis" uid="20713">
  <nd ref="10158146348"/>
  <nd ref="11998234955"/>
  <nd ref="11998234948"/>
  <nd ref="11998234953"/>
  <nd ref="11998234958"/>
  <nd ref="11203309076"/>
  <nd ref="11203309077"/>
  <nd ref="11203309075"/>
  <nd ref="11998234949"/>
 </way>
 <way id="264256272" visible="true" version="8" changeset="153527373" timestamp="2024-07-04T05:22:41Z" user="mamanakis" uid="20713">
  <nd ref="2699536550"/>
  <nd ref="2699536552"/>
  <tag k="handrail" v="yes"/>
  <tag k="highway" v="steps"/>
  <tag k="incline" v="up"/>
  <tag k="ramp" v="no"/>
  <tag k="surface" v="concrete"/>
  <tag k="tactile_paving" v="no"/>
 </way>
 <way id="457940968" visible="true" version="5" changeset="141481631" timestamp="2023-09-19T18:40:51Z" user="Xvtn" uid="14249378">
  <nd ref="4539981587"/>
  <nd ref="10174573104"/>
  <nd ref="321828626"/>
  <nd ref="9227678658"/>
  <nd ref="10174573105"/>
  <nd ref="4539981588"/>
  <nd ref="4539981589"/>
  <tag k="highway" v="service"/>
  <tag k="service" v="parking_aisle"/>
 </way>
 <way id="999322166" visible="true" version="6" changeset="153528093" timestamp="2024-07-04T05:57:36Z" user="mamanakis" uid="20713">
  <nd ref="321801489"/>
  <nd ref="12032343975"/>
  <nd ref="12032258853"/>
  <nd ref="9227597298"/>
  <nd ref="9225763924"/>
  <nd ref="10174573107"/>
  <nd ref="12032652600"/>
  <tag k="highway" v="path"/>
  <tag k="surface" v="concrete"/>
 </way>
 <way id="999572969" visible="true" version="11" changeset="153527270" timestamp="2024-07-04T05:16:21Z" user="mamanakis" uid="20713">
  <nd ref="321828626"/>
  <nd ref="9187750137"/>
  <nd ref="321828627"/>
  <nd ref="9227597261"/>
  <nd ref="11991311636"/>
  <nd ref="9227597262"/>
  <nd ref="11991311642"/>
  <nd ref="9227597263"/>
  <nd ref="9227597264"/>
  <nd ref="12032343972"/>
  <nd ref="9227597265"/>
  <nd ref="9227597266"/>
  <nd ref="11010623606"/>
  <nd ref="9227597267"/>
  <nd ref="12032602736"/>
  <nd ref="321801323"/>
  <tag k="bicycle" v="yes"/>
  <tag k="foot" v="designated"/>
  <tag k="highway" v="path"/>
  <tag k="surface" v="concrete"/>
 </way>
 <way id="999572974" visible="true" version="5" changeset="181274658" timestamp="2026-04-13T12:49:04Z" user="Xvtn" uid="14249378">
  <nd ref="9227597298"/>
  <nd ref="9227597260"/>
  <nd ref="9227597259"/>
  <nd ref="4539981608"/>
  <nd ref="12032343995"/>
  <nd ref="9254599916"/>
  <nd ref="321801318"/>
  <nd ref="12032258830"/>
  <nd ref="11002613249"/>
  <nd ref="11002613229"/>
  <tag k="bicycle" v="yes"/>
  <tag k="foot" v="designated"/>
  <tag k="highway" v="path"/>
  <tag k="surface" v="concrete"/>
 </way>
 <way id="1003285593" visible="true" version="7" changeset="153683794" timestamp="2024-07-08T02:11:20Z" user="mamanakis" uid="20713">
  <nd ref="9258559260"/>
  <nd ref="10733027462"/>
  <nd ref="12040893552"/>
  <nd ref="12008114244"/>
  <nd ref="9258559261"/>
  <nd ref="12008093539"/>
  <nd ref="10733027457"/>
  <nd ref="10733031436"/>
  <nd ref="10733027456"/>
  <nd ref="12008114246"/>
  <nd ref="12008114245"/>
  <nd ref="10733027455"/>
  <nd ref="10733027445"/>
  <nd ref="12005322691"/>
  <nd ref="12005322683"/>
  <nd ref="10733027454"/>
  <nd ref="10733027453"/>
  <nd ref="10733027452"/>
  <nd ref="10733027451"/>
  <nd ref="10733031435"/>
  <nd ref="10733027448"/>
  <nd ref="10733027449"/>
  <tag k="highway" v="path"/>
  <tag k="surface" v="concrete"/>
 </way>
 <way id="1017917097" visible="true" version="4" changeset="153526023" timestamp="2024-07-04T04:02:20Z" user="mamanakis" uid="20713">
  <nd ref="9389035408"/>
  <nd ref="9389035409"/>
  <nd ref="12032258857"/>
  <nd ref="12032343971"/>
  <nd ref="12032258861"/>
  <nd ref="9389035410"/>
  <nd ref="12032344013"/>
  <nd ref="12032258848"/>
  <nd ref="9389035411"/>
  <nd ref="12032344012"/>
  <nd ref="12032258864"/>
  <nd ref="9389035412"/>
  <nd ref="12032344005"/>
  <nd ref="12032343997"/>
  <nd ref="12032343974"/>
  <nd ref="9389035408"/>
  <tag k="landuse" v="grass"/>
 </way>
 <way id="1017917099" visible="true" version="4" changeset="153527159" timestamp="2024-07-04T05:09:33Z" user="mamanakis" uid="20713">
  <nd ref="12032596768"/>
  <nd ref="9389035419"/>
 </way>
 <way id="1094998550" visible="true" version="10" changeset="153804157" timestamp="2024-07-11T01:11:18Z" user="mamanakis" uid="20713">
  <nd ref="321831439"/>
  <nd ref="11009488889"/>
  <nd ref="321832025"/>
  <nd ref="9225759997"/>
  <nd ref="321831442"/>
  <nd ref="12005284432"/>
  <nd ref="12005099884"/>
  <nd ref="10174508468"/>
  <nd ref="321830335"/>
  <nd ref="321828516"/>
  <nd ref="10174564801"/>
  <nd ref="11010888041"/>
  <nd ref="321831086"/>
  <nd ref="10733027449"/>
  <nd ref="321800428"/>
  <nd ref="10131053631"/>
  <nd ref="12032652595"/>
  <nd ref="9258559260"/>
  <nd ref="9227597268"/>
  <nd ref="321828625"/>
  <tag k="bicycle" v="yes"/>
  <tag k="foot" v="designated"/>
  <tag k="highway" v="path"/>
  <tag k="surface" v="concrete"/>
 </way>
 <way id="1107182301" visible="true" version="2" changeset="128148373" timestamp="2022-10-27T21:56:55Z" user="Xvtn" uid="14249378">
  <nd ref="10131017895"/>
  <nd ref="10131017896"/>
  <tag k="leaf_type" v="broadleaved"/>
  <tag k="natural" v="tree_row"/>
 </way>
 <way id="1107182302" visible="true" version="2" changeset="128148373" timestamp="2022-10-27T21:56:56Z" user="Xvtn" uid="14249378">
  <nd ref="10131017897"/>
  <nd ref="10131017898"/>
  <nd ref="10131017899"/>
  <nd ref="10131017900"/>
  <nd ref="10131017901"/>
  <nd ref="10131017902"/>
  <tag k="leaf_type" v="broadleaved"/>
  <tag k="natural" v="tree_row"/>
 </way>
 <way id="1107182303" visible="true" version="2" changeset="158027463" timestamp="2024-10-17T21:46:24Z" user="Xvtn" uid="14249378">
  <nd ref="10131017903"/>
  <nd ref="10131017904"/>
  <tag k="leaf_type" v="broadleaved"/>
  <tag k="natural" v="tree_row"/>
 </way>
 <way id="1107182306" visible="true" version="3" changeset="153092810" timestamp="2024-06-24T04:18:11Z" user="mamanakis" uid="20713">
  <nd ref="10131017911"/>
  <nd ref="10131017912"/>
  <nd ref="12005322681"/>
  <nd ref="10131017913"/>
  <tag k="leaf_type" v="broadleaved"/>
  <tag k="natural" v="tree_row"/>
 </way>
 <way id="1107182312" visible="true" version="1" changeset="128099485" timestamp="2022-10-26T19:38:33Z" user="Xvtn" uid="14249378">
  <nd ref="10131053524"/>
  <nd ref="10131053525"/>
  <tag k="natural" v="tree_row"/>
 </way>
 <way id="1107182345" visible="true" version="4" changeset="158025677" timestamp="2024-10-17T21:46:17Z" user="Xvtn" uid="14249378">
  <nd ref="321801324"/>
  <nd ref="321797039"/>
  <nd ref="9227597260"/>
  <tag k="bicycle" v="yes"/>
  <tag k="crossing" v="marked"/>
  <tag k="crossing:markings" v="yes"/>
  <tag k="foot" v="designated"/>
  <tag k="footway" v="crossing"/>
  <tag k="highway" v="footway"/>
  <tag k="surface" v="asphalt"/>
 </way>
 <way id="1107182348" visible="true" version="1" changeset="128099485" timestamp="2022-10-26T19:38:33Z" user="Xvtn" uid="14249378">
  <nd ref="9225763939"/>
  <nd ref="2699513030"/>
  <nd ref="321828627"/>
  <tag k="bicycle" v="yes"/>
  <tag k="foot" v="designated"/>
  <tag k="highway" v="path"/>
  <tag k="surface" v="concrete"/>
 </way>
 <way id="1107182352" visible="true" version="4" changeset="153528093" timestamp="2024-07-04T05:57:36Z" user="mamanakis" uid="20713">
  <nd ref="10131053631"/>
  <nd ref="12032652596"/>
  <nd ref="10733031437"/>
  <tag k="highway" v="path"/>
 </way>
 <way id="1110413082" visible="true" version="4" changeset="153164663" timestamp="2024-06-25T16:15:46Z" user="mamanakis" uid="20713">
  <nd ref="10158146351"/>
  <nd ref="10158146349"/>
  <nd ref="10158146350"/>
 </way>
 <way id="1110413083" visible="true" version="5" changeset="153092971" timestamp="2024-06-24T04:28:43Z" user="mamanakis" uid="20713">
  <nd ref="10158146352"/>
  <nd ref="10158146353"/>
  <nd ref="10158146354"/>
 </way>
 <way id="1112138002" visible="true" version="9" changeset="153092810" timestamp="2024-06-24T04:18:11Z" user="mamanakis" uid="20713">
  <nd ref="9389035400"/>
  <nd ref="12004924757"/>
  <nd ref="12004924754"/>
  <nd ref="9389035401"/>
  <nd ref="11587880453"/>
  <nd ref="10174572969"/>
  <nd ref="12004924755"/>
  <nd ref="11587880454"/>
  <nd ref="9389035403"/>
  <nd ref="10174572942"/>
  <nd ref="12004924756"/>
  <nd ref="9389035404"/>
  <nd ref="12005322680"/>
  <nd ref="10174572926"/>
 </way>
 <way id="1112138007" visible="true" version="7" changeset="153683794" timestamp="2024-07-08T02:11:20Z" user="mamanakis" uid="20713">
  <nd ref="12040893179"/>
  <nd ref="12005127437"/>
  <nd ref="10174572944"/>
 </way>
 <way id="1112138015" visible="true" version="2" changeset="153526023" timestamp="2024-07-04T04:02:20Z" user="mamanakis" uid="20713">
  <nd ref="10174573126"/>
  <nd ref="12032343970"/>
  <nd ref="10174573127"/>
  <nd ref="10174573128"/>
  <nd ref="10174573129"/>
  <nd ref="10174573130"/>
  <nd ref="12032258850"/>
  <nd ref="12032258860"/>
  <nd ref="12032258852"/>
  <nd ref="12032258851"/>
  <nd ref="12032343981"/>
  <nd ref="12032344001"/>
  <nd ref="12032258833"/>
  <nd ref="12032258844"/>
  <nd ref="12032344006"/>
  <nd ref="12032258842"/>
  <nd ref="12032344015"/>
  <nd ref="12032258866"/>
  <nd ref="12032258862"/>
  <nd ref="10174573131"/>
  <nd ref="12032258831"/>
  <nd ref="10174573132"/>
  <nd ref="10174573133"/>
  <nd ref="10174573126"/>
  <tag k="landuse" v="grass"/>
 </way>
 <way id="1154054736" visible="true" version="1" changeset="133630224" timestamp="2023-03-13T15:20:07Z" user="Xvtn" uid="14249378">
  <nd ref="10174573098"/>
  <nd ref="321800500"/>
  <tag k="bicycle" v="yes"/>
  <tag k="foot" v="designated"/>
  <tag k="highway" v="path"/>
  <tag k="surface" v="concrete"/>
 </way>
 <way id="1154054737" visible="true" version="1" changeset="133630224" timestamp="2023-03-13T15:20:07Z" user="Xvtn" uid="14249378">
  <nd ref="10733027443"/>
  <nd ref="5604208997"/>
  <nd ref="10174573098"/>
  <tag k="bicycle" v="yes"/>
  <tag k="crossing" v="uncontrolled"/>
  <tag k="crossing:island" v="no"/>
  <tag k="crossing:markings" v="ladder"/>
  <tag k="foot" v="designated"/>
  <tag k="footway" v="crossing"/>
  <tag k="highway" v="footway"/>
 </way>
 <way id="1154054738" visible="true" version="1" changeset="133630224" timestamp="2023-03-13T15:20:07Z" user="Xvtn" uid="14249378">
  <nd ref="10733027447"/>
  <nd ref="10733027448"/>
  <tag k="highway" v="path"/>
 </way>
 <way id="1154054740" visible="true" version="3" changeset="153527868" timestamp="2024-07-04T05:45:25Z" user="mamanakis" uid="20713">
  <nd ref="12032662420"/>
  <nd ref="12032662429"/>
 </way>
 <way id="1184566190" visible="true" version="3" changeset="153528093" timestamp="2024-07-04T05:57:36Z" user="mamanakis" uid="20713">
  <nd ref="10733027448"/>
  <nd ref="12032652588"/>
  <nd ref="12032652596"/>
  <nd ref="12032652610"/>
  <nd ref="10733027462"/>
  <nd ref="12032662428"/>
  <nd ref="12032662424"/>
  <nd ref="12032662421"/>
  <nd ref="11002542822"/>
  <tag k="highway" v="path"/>
 </way>
 <way id="1184566191" visible="true" version="1" changeset="137707074" timestamp="2023-06-24T01:58:29Z" user="Xvtn" uid="14249378">
  <nd ref="11002542822"/>
  <nd ref="11002542823"/>
  <nd ref="11002542824"/>
  <tag k="handrail" v="yes"/>
  <tag k="highway" v="steps"/>
  <tag k="incline" v="down"/>
 </way>
 <way id="1184566192" visible="true" version="1" changeset="137707074" timestamp="2023-06-24T01:58:29Z" user="Xvtn" uid="14249378">
  <nd ref="11002542824"/>
  <nd ref="11002542825"/>
  <tag k="highway" v="path"/>
 </way>
 <way id="1184566193" visible="true" version="4" changeset="153527932" timestamp="2024-07-04T05:49:00Z" user="mamanakis" uid="20713">
  <nd ref="11002542826"/>
  <nd ref="11002542827"/>
  <nd ref="11002542828"/>
 </way>
 <way id="1184574140" visible="true" version="3" changeset="147105519" timestamp="2024-02-05T18:54:16Z" user="Xvtn" uid="14249378">
  <nd ref="9254611720"/>
  <nd ref="11002613238"/>
  <nd ref="4539981607"/>
  <nd ref="11002613237"/>
  <nd ref="11002613260"/>
  <nd ref="9184347303"/>
  <nd ref="11002613274"/>
  <nd ref="321801319"/>
  <tag k="bicycle" v="yes"/>
  <tag k="foot" v="designated"/>
  <tag k="highway" v="path"/>
  <tag k="surface" v="concrete"/>
 </way>
 <way id="1185187063" visible="true" version="3" changeset="153683794" timestamp="2024-07-08T02:11:20Z" user="mamanakis" uid="20713">
  <nd ref="12040893513"/>
  <nd ref="12040893514"/>
 </way>
 <way id="1185356351" visible="true" version="4" changeset="153091810" timestamp="2024-06-24T03:09:55Z" user="mamanakis" uid="20713">
  <nd ref="11010888042"/>
  <nd ref="11587880454"/>
  <nd ref="12004924753"/>
  <nd ref="11991311643"/>
  <nd ref="11991311638"/>
  <nd ref="11587880453"/>
  <nd ref="11010888041"/>
  <tag k="highway" v="path"/>
 </way>
 <way id="1185356352" visible="true" version="4" changeset="153526023" timestamp="2024-07-04T04:02:20Z" user="mamanakis" uid="20713">
  <nd ref="11010592900"/>
  <nd ref="11587880455"/>
  <nd ref="11010888043"/>
  <nd ref="12032344007"/>
  <nd ref="11010888044"/>
  <nd ref="11098386706"/>
  <nd ref="11010888045"/>
  <tag k="highway" v="path"/>
 </way>
 <way id="1211362103" visible="true" version="4" changeset="153528093" timestamp="2024-07-04T05:57:36Z" user="mamanakis" uid="20713">
  <nd ref="321828625"/>
  <nd ref="9227678657"/>
  <nd ref="9227678658"/>
  <nd ref="2699513030"/>
  <nd ref="2699513029"/>
  <nd ref="2699513031"/>
  <nd ref="12032344010"/>
  <nd ref="12032343998"/>
  <nd ref="2699513027"/>
  <nd ref="2699513026"/>
  <nd ref="12032343980"/>
  <nd ref="321801322"/>
  <nd ref="12032343996"/>
  <nd ref="12032258841"/>
  <nd ref="321801323"/>
  <nd ref="12032258827"/>
  <nd ref="12032343977"/>
  <nd ref="2699513036"/>
  <nd ref="11010592902"/>
  <nd ref="12032343988"/>
  <nd ref="11010592903"/>
  <nd ref="11010592900"/>
  <nd ref="11010623605"/>
  <nd ref="11010592904"/>
  <nd ref="321801324"/>
  <nd ref="11010592901"/>
  <nd ref="11010888045"/>
  <nd ref="12032652600"/>
  <nd ref="321828518"/>
  <nd ref="2699513041"/>
  <nd ref="12032652601"/>
  <nd ref="12005322686"/>
  <nd ref="12005322688"/>
  <nd ref="2699536550"/>
  <tag k="bicycle" v="yes"/>
  <tag k="foot" v="designated"/>
  <tag k="highway" v="path"/>
  <tag k="surface" v="concrete"/>
 </way>
 <way id="1211362107" visible="true" version="1" changeset="141839134" timestamp="2023-09-27T21:25:45Z" user="Xvtn" uid="14249378">
  <nd ref="321830335"/>
  <nd ref="9228711838"/>
  <nd ref="2699513040"/>
  <tag k="bicycle" v="yes"/>
  <tag k="foot" v="designated"/>
  <tag k="highway" v="path"/>
  <tag k="surface" v="concrete"/>
 </way>
 <way id="1246457929" visible="true" version="2" changeset="153527270" timestamp="2024-07-04T05:16:21Z" user="mamanakis" uid="20713">
  <nd ref="10174573109"/>
  <nd ref="9227597267"/>
  <nd ref="321801321"/>
  <nd ref="12032602733"/>
  <nd ref="321801322"/>
  <tag k="bicycle" v="yes"/>
  <tag k="foot" v="designated"/>
  <tag k="highway" v="path"/>
  <tag k="surface" v="concrete"/>
 </way>
 <way id="1246457930" visible="true" version="1" changeset="147105519" timestamp="2024-02-05T18:54:16Z" user="Xvtn" uid="14249378">
  <nd ref="321801319"/>
  <nd ref="321801320"/>
  <nd ref="10174573109"/>
  <tag k="bicycle" v="yes"/>
  <tag k="crossing" v="uncontrolled"/>
  <tag k="crossing:markings" v="yes"/>
  <tag k="foot" v="designated"/>
  <tag k="footway" v="crossing"/>
  <tag k="highway" v="footway"/>
  <tag k="surface" v="concrete"/>
 </way>
 <way id="1295554457" visible="true" version="3" changeset="153527868" timestamp="2024-07-04T05:45:25Z" user="mamanakis" uid="20713">
  <nd ref="9389035416"/>
  <nd ref="9389035417"/>
 </way>
 <way id="1295554458" visible="true" version="7" changeset="153683794" timestamp="2024-07-08T02:11:20Z" user="mamanakis" uid="20713">
  <nd ref="12040893188"/>
  <nd ref="10174564770"/>
  <nd ref="12040893184"/>
  <nd ref="10174564771"/>
  <nd ref="12005332288"/>
  <nd ref="12040893186"/>
  <nd ref="321791153"/>
 </way>
 <way id="1295554459" visible="true" version="1" changeset="153091810" timestamp="2024-06-24T03:09:55Z" user="mamanakis" uid="20713">
  <nd ref="9389035400"/>
  <nd ref="11991311635"/>
  <nd ref="10174572925"/>
  <nd ref="9389035399"/>
  <nd ref="9389035407"/>
  <nd ref="9389035406"/>
  <nd ref="10174572926"/>
 </way>
 <way id="1295554460" visible="true" version="1" changeset="153091810" timestamp="2024-06-24T03:09:55Z" user="mamanakis" uid="20713">
  <nd ref="11991311638"/>
  <nd ref="12004924758"/>
  <nd ref="12004924753"/>
  <tag k="highway" v="path"/>
 </way>
 <way id="1295554461" visible="true" version="5" changeset="153683794" timestamp="2024-07-08T02:11:20Z" user="mamanakis" uid="20713">
  <nd ref="10174564768"/>
  <nd ref="12005127438"/>
  <nd ref="12005127435"/>
  <nd ref="10174572943"/>
  <nd ref="10174572944"/>
 </way>
 <way id="1295570391" visible="true" version="1" changeset="153092971" timestamp="2024-06-24T04:28:43Z" user="mamanakis" uid="20713">
  <nd ref="11998234949"/>
  <nd ref="11998234954"/>
  <nd ref="321842865"/>
  <nd ref="11998234952"/>
  <nd ref="11998234947"/>
  <nd ref="10158146347"/>
 </way>
 <way id="1295570392" visible="true" version="1" changeset="153092971" timestamp="2024-06-24T04:28:43Z" user="mamanakis" uid="20713">
  <nd ref="9216618245"/>
  <nd ref="10158146350"/>
 </way>
 <way id="1295570399" visible="true" version="2" changeset="153164663" timestamp="2024-06-25T16:15:46Z" user="mamanakis" uid="20713">
  <nd ref="10158146343"/>
  <nd ref="10158146344"/>
  <nd ref="10158146345"/>
 </way>
 <way id="1295570401" visible="true" version="1" changeset="153092971" timestamp="2024-06-24T04:28:43Z" user="mamanakis" uid="20713">
  <nd ref="10158146345"/>
  <nd ref="11998234956"/>
  <nd ref="11998234950"/>
  <nd ref="11998234957"/>
  <nd ref="321842859"/>
 </way>
 <way id="1295570402" visible="true" version="2" changeset="153164663" timestamp="2024-06-25T16:15:46Z" user="mamanakis" uid="20713">
  <nd ref="10158146348"/>
  <nd ref="10158146346"/>
  <nd ref="10158146347"/>
 </way>
 <way id="1295873566" visible="true" version="3" changeset="153527868" timestamp="2024-07-04T05:45:25Z" user="mamanakis" uid="20713">
  <nd ref="12008093534"/>
  <nd ref="321800057"/>
  <nd ref="11002542822"/>
  <tag k="footway" v="sidewalk"/>
  <tag k="highway" v="footway"/>
 </way>
 <way id="1295873567" visible="true" version="3" changeset="153527993" timestamp="2024-07-04T05:52:31Z" user="mamanakis" uid="20713">
  <nd ref="12008093535"/>
  <nd ref="12008093529"/>
  <nd ref="12008093530"/>
  <nd ref="12008093536"/>
 </way>
 <way id="1296084850" visible="true" version="1" changeset="153164663" timestamp="2024-06-25T16:15:46Z" user="mamanakis" uid="20713">
  <nd ref="10158146348"/>
  <nd ref="10733027443"/>
  <nd ref="10158146350"/>
 </way>
 <way id="1296084851" visible="true" version="1" changeset="153164663" timestamp="2024-06-25T16:15:46Z" user="mamanakis" uid="20713">
  <nd ref="10158146347"/>
  <nd ref="10174573256"/>
  <nd ref="10158146345"/>
 </way>
 <way id="1298913064" visible="true" version="1" changeset="153526023" timestamp="2024-07-04T04:02:20Z" user="mamanakis" uid="20713">
  <nd ref="12032258845"/>
  <nd ref="12032258863"/>
  <nd ref="12032344011"/>
  <nd ref="12032344008"/>
  <nd ref="12032344016"/>
  <nd ref="12032258832"/>
  <nd ref="12032343993"/>
  <nd ref="12032258829"/>
  <nd ref="12032258826"/>
  <nd ref="12032258859"/>
  <nd ref="12032343978"/>
  <nd ref="12032343979"/>
  <nd ref="12032258836"/>
  <nd ref="12032258835"/>
  <nd ref="12032258837"/>
  <nd ref="12032343985"/>
  <nd ref="12032343999"/>
  <nd ref="12032258847"/>
  <nd ref="12032343983"/>
  <nd ref="12032343989"/>
  <nd ref="12032258828"/>
  <nd ref="12032343994"/>
  <nd ref="12032258865"/>
  <nd ref="12032258849"/>
  <nd ref="12032343982"/>
  <nd ref="12032258843"/>
  <nd ref="12032343992"/>
  <nd ref="12032258834"/>
  <nd ref="12032343969"/>
  <nd ref="12032343973"/>
  <nd ref="12032258825"/>
  <nd ref="12032344004"/>
  <nd ref="12032343976"/>
  <nd ref="12032344014"/>
  <nd ref="12032343984"/>
  <nd ref="12032344002"/>
  <nd ref="12032258846"/>
  <nd ref="12032344003"/>
  <nd ref="12032258854"/>
  <nd ref="12032258867"/>
  <nd ref="12032343986"/>
  <nd ref="12032343991"/>
  <nd ref="12032258856"/>
  <nd ref="12032258845"/>
  <tag k="landuse" v="flowerbed"/>
 </way>
 <way id="1298939062" visible="true" version="2" changeset="153527643" timestamp="2024-07-04T05:35:52Z" user="mamanakis" uid="20713">
  <nd ref="321791337"/>
  <nd ref="321791339"/>
  <nd ref="2699513013"/>
  <nd ref="2699513012"/>
  <nd ref="2699513010"/>
  <nd ref="9389035413"/>
 </way>
 <way id="1298939063" visible="true" version="2" changeset="153527643" timestamp="2024-07-04T05:35:52Z" user="mamanakis" uid="20713">
  <nd ref="12032628276"/>
  <nd ref="2699536552"/>
  <nd ref="12032628274"/>
 </way>
 <way id="1298939064" visible="true" version="3" changeset="153527932" timestamp="2024-07-04T05:49:00Z" user="mamanakis" uid="20713">
  <nd ref="12032628277"/>
  <nd ref="11002542828"/>
 </way>
 <way id="1298939065" visible="true" version="2" changeset="153527643" timestamp="2024-07-04T05:35:52Z" user="mamanakis" uid="20713">
  <nd ref="2699536561"/>
  <nd ref="2699536563"/>
 </way>
 <way id="1298939066" visible="true" version="2" changeset="153527643" timestamp="2024-07-04T05:35:52Z" user="mamanakis" uid="20713">
  <nd ref="12032628272"/>
  <nd ref="2699513023"/>
  <nd ref="2699513022"/>
  <nd ref="321791329"/>
 </way>
 <way id="1298939067" visible="true" version="1" changeset="153527091" timestamp="2024-07-04T05:08:12Z" user="mamanakis" uid="20713">
  <nd ref="12008114239"/>
  <nd ref="4539981588"/>
  <nd ref="12008114243"/>
  <nd ref="321800055"/>
  <nd ref="12008093538"/>
 </way>
 <way id="1298939068" visible="true" version="4" changeset="154671460" timestamp="2024-07-31T23:47:31Z" user="b-jazz" uid="5800005">
  <nd ref="2699513025"/>
  <nd ref="9225763939"/>
  <nd ref="12032628272"/>
 </way>
 <way id="1298939069" visible="true" version="4" changeset="153527868" timestamp="2024-07-04T05:45:25Z" user="mamanakis" uid="20713">
  <nd ref="9389035413"/>
  <nd ref="12032662439"/>
 </way>
 <way id="1298939070" visible="true" version="1" changeset="153527091" timestamp="2024-07-04T05:08:12Z" user="mamanakis" uid="20713">
  <nd ref="12008093538"/>
  <nd ref="12008093533"/>
  <nd ref="12008093531"/>
  <nd ref="12008093537"/>
  <nd ref="321800056"/>
 </way>
 <way id="1298939071" visible="true" version="2" changeset="153527643" timestamp="2024-07-04T05:35:52Z" user="mamanakis" uid="20713">
  <nd ref="12032596768"/>
  <nd ref="2699536565"/>
  <nd ref="2699513025"/>
 </way>
 <way id="1298939072" visible="true" version="2" changeset="153527643" timestamp="2024-07-04T05:35:52Z" user="mamanakis" uid="20713">
  <nd ref="12032612601"/>
  <nd ref="2699536568"/>
  <nd ref="12032628278"/>
 </way>
 <way id="1298939073" visible="true" version="3" changeset="153527643" timestamp="2024-07-04T05:35:52Z" user="mamanakis" uid="20713">
  <nd ref="12032628278"/>
  <nd ref="12032602729"/>
 </way>
 <way id="1298939074" visible="true" version="4" changeset="153527643" timestamp="2024-07-04T05:35:52Z" user="mamanakis" uid="20713">
  <nd ref="12032628274"/>
  <nd ref="12032628275"/>
  <nd ref="321791315"/>
  <nd ref="2699513005"/>
  <nd ref="12032614037"/>
  <nd ref="2699513009"/>
  <nd ref="2699513006"/>
  <nd ref="12032614035"/>
  <nd ref="2699513008"/>
  <nd ref="12032614036"/>
  <nd ref="12032614038"/>
  <nd ref="429637537"/>
  <nd ref="12032614039"/>
  <nd ref="12032602727"/>
  <nd ref="12032612601"/>
 </way>
 <way id="1298939075" visible="true" version="2" changeset="153527479" timestamp="2024-07-04T05:28:00Z" user="mamanakis" uid="20713">
  <nd ref="321791329"/>
  <nd ref="12032612602"/>
  <nd ref="12032612603"/>
  <nd ref="321791332"/>
 </way>
 <way id="1298939076" visible="true" version="2" changeset="153527643" timestamp="2024-07-04T05:35:52Z" user="mamanakis" uid="20713">
  <nd ref="321791332"/>
  <nd ref="12032627832"/>
  <nd ref="12032628277"/>
 </way>
 <way id="1298939297" visible="true" version="1" changeset="153527159" timestamp="2024-07-04T05:09:33Z" user="mamanakis" uid="20713">
  <nd ref="9389035419"/>
  <nd ref="12032636375"/>
  <nd ref="12032596766"/>
  <nd ref="12032636371"/>
  <nd ref="12032636369"/>
  <nd ref="12032636376"/>
  <nd ref="12032636377"/>
  <nd ref="12032636373"/>
  <nd ref="12032636372"/>
  <nd ref="12032636370"/>
  <nd ref="9389035421"/>
  <nd ref="12032636374"/>
  <nd ref="12032596767"/>
  <nd ref="2699536563"/>
 </way>
 <way id="1298939298" visible="true" version="1" changeset="153527159" timestamp="2024-07-04T05:09:33Z" user="mamanakis" uid="20713">
  <nd ref="9389035419"/>
  <nd ref="12032629097"/>
  <nd ref="2699513025"/>
 </way>
 <way id="1298939343" visible="true" version="2" changeset="153527270" timestamp="2024-07-04T05:16:21Z" user="mamanakis" uid="20713">
  <nd ref="12032613088"/>
  <nd ref="12032613087"/>
  <nd ref="12032613089"/>
  <nd ref="12008093538"/>
 </way>
 <way id="1298939344" visible="true" version="1" changeset="153527186" timestamp="2024-07-04T05:11:13Z" user="mamanakis" uid="20713">
  <nd ref="12032628272"/>
  <nd ref="12032613090"/>
  <nd ref="12032613088"/>
 </way>
 <way id="1298939345" visible="true" version="1" changeset="153527186" timestamp="2024-07-04T05:11:13Z" user="mamanakis" uid="20713">
  <nd ref="12032613088"/>
  <nd ref="321791329"/>
 </way>
 <way id="1298939711" visible="true" version="1" changeset="153527270" timestamp="2024-07-04T05:16:21Z" user="mamanakis" uid="20713">
  <nd ref="12032602729"/>
  <nd ref="12032602740"/>
  <nd ref="12032643872"/>
  <nd ref="12032602741"/>
  <nd ref="12032602751"/>
  <nd ref="12032602745"/>
  <nd ref="12032602752"/>
  <nd ref="12032602753"/>
 </way>
 <way id="1298939712" visible="true" version="1" changeset="153527270" timestamp="2024-07-04T05:16:21Z" user="mamanakis" uid="20713">
  <nd ref="12032602747"/>
  <nd ref="12032602765"/>
  <nd ref="12032602743"/>
  <nd ref="12032643870"/>
  <nd ref="12032602728"/>
  <nd ref="12032602747"/>
  <tag k="landuse" v="grass"/>
 </way>
 <way id="1298939713" visible="true" version="2" changeset="153527643" timestamp="2024-07-04T05:35:52Z" user="mamanakis" uid="20713">
  <nd ref="12032602729"/>
  <nd ref="2699536567"/>
  <nd ref="429637538"/>
  <nd ref="12032602753"/>
 </way>
 <way id="1298939714" visible="true" version="3" changeset="153527643" timestamp="2024-07-04T05:35:52Z" user="mamanakis" uid="20713">
  <nd ref="12032602753"/>
  <nd ref="321791317"/>
  <nd ref="12032640894"/>
 </way>
 <way id="1298939715" visible="true" version="1" changeset="153527270" timestamp="2024-07-04T05:16:21Z" user="mamanakis" uid="20713">
  <nd ref="12032602723"/>
  <nd ref="12032643873"/>
  <nd ref="12032602730"/>
  <nd ref="12032602738"/>
  <nd ref="12032602768"/>
  <nd ref="12032602742"/>
  <nd ref="12032602757"/>
  <nd ref="12032602760"/>
  <nd ref="12032602731"/>
  <nd ref="12032602761"/>
  <nd ref="12032602763"/>
  <nd ref="12032602744"/>
  <nd ref="12032602746"/>
  <nd ref="12032602726"/>
  <nd ref="12032602739"/>
  <nd ref="12032602749"/>
  <nd ref="12032602724"/>
  <nd ref="12032602754"/>
  <nd ref="12032602737"/>
  <nd ref="12032602755"/>
  <nd ref="12032602748"/>
  <nd ref="12032602734"/>
  <nd ref="12032602759"/>
  <nd ref="12032602762"/>
  <nd ref="12032602732"/>
  <nd ref="12032602756"/>
  <nd ref="12032643871"/>
  <nd ref="12032643869"/>
  <nd ref="12032602766"/>
  <nd ref="12032602722"/>
  <nd ref="12032602750"/>
  <nd ref="12032602758"/>
  <nd ref="12032602725"/>
  <nd ref="12032602764"/>
  <nd ref="12032602735"/>
  <nd ref="12032602723"/>
  <tag k="landuse" v="flowerbed"/>
 </way>
 <way id="1298939716" visible="true" version="1" changeset="153527270" timestamp="2024-07-04T05:16:21Z" user="mamanakis" uid="20713">
  <nd ref="12032628277"/>
  <nd ref="12032602767"/>
  <nd ref="321800056"/>
 </way>
 <way id="1298939924" visible="true" version="2" changeset="153527373" timestamp="2024-07-04T05:22:41Z" user="mamanakis" uid="20713">
  <nd ref="10174572948"/>
  <nd ref="12005322698"/>
  <nd ref="12005322687"/>
  <nd ref="12005322690"/>
  <nd ref="12005322684"/>
  <nd ref="12005322693"/>
  <nd ref="10174572949"/>
  <nd ref="12032628274"/>
 </way>
 <way id="1298939925" visible="true" version="2" changeset="153723445" timestamp="2024-07-08T22:51:42Z" user="VLD284" uid="21652306">
  <nd ref="10174572948"/>
  <nd ref="12032640900"/>
  <nd ref="12032640910"/>
  <nd ref="12032640892"/>
  <nd ref="12032640889"/>
  <nd ref="12032640903"/>
  <nd ref="12032640886"/>
  <nd ref="12032640880"/>
  <nd ref="12032640878"/>
  <nd ref="12032640901"/>
  <nd ref="12032640893"/>
  <nd ref="12032612601"/>
 </way>
 <way id="1298939927" visible="true" version="1" changeset="153527324" timestamp="2024-07-04T05:19:58Z" user="mamanakis" uid="20713">
  <nd ref="10174572945"/>
  <nd ref="12005127436"/>
 </way>
 <way id="1298939928" visible="true" version="1" changeset="153527324" timestamp="2024-07-04T05:19:58Z" user="mamanakis" uid="20713">
  <nd ref="2699536561"/>
  <nd ref="12032640902"/>
  <nd ref="12032640876"/>
  <nd ref="12032640906"/>
  <nd ref="12032640879"/>
  <nd ref="12032640890"/>
  <nd ref="12032640908"/>
  <nd ref="12032640899"/>
  <nd ref="12032640885"/>
  <nd ref="12032640896"/>
  <nd ref="12032640888"/>
  <nd ref="12032640877"/>
  <nd ref="12032640905"/>
  <nd ref="12032640909"/>
  <nd ref="12032640875"/>
  <nd ref="12032640887"/>
  <nd ref="12032640904"/>
  <nd ref="12032640895"/>
  <nd ref="12032640907"/>
  <nd ref="12032640894"/>
 </way>
 <way id="1298939929" visible="true" version="1" changeset="153527324" timestamp="2024-07-04T05:19:58Z" user="mamanakis" uid="20713">
  <nd ref="10174572945"/>
  <nd ref="10174572946"/>
  <nd ref="10174572947"/>
 </way>
 <way id="1298939930" visible="true" version="2" changeset="153527643" timestamp="2024-07-04T05:35:52Z" user="mamanakis" uid="20713">
  <nd ref="12032640894"/>
  <nd ref="321791319"/>
  <nd ref="2699536554"/>
  <nd ref="2699536561"/>
 </way>
 <way id="1298939931" visible="true" version="1" changeset="153527324" timestamp="2024-07-04T05:19:58Z" user="mamanakis" uid="20713">
  <nd ref="10174572947"/>
  <nd ref="321828518"/>
  <nd ref="10174572948"/>
 </way>
 <way id="1298939932" visible="true" version="1" changeset="153527324" timestamp="2024-07-04T05:19:58Z" user="mamanakis" uid="20713">
  <nd ref="10174573034"/>
  <nd ref="12032640898"/>
  <nd ref="12032640891"/>
  <nd ref="12032640874"/>
  <nd ref="12032640882"/>
  <nd ref="12032640883"/>
  <nd ref="12032640884"/>
  <nd ref="12032640881"/>
  <nd ref="10174572947"/>
 </way>
 <way id="1298940215" visible="true" version="3" changeset="153527868" timestamp="2024-07-04T05:45:25Z" user="mamanakis" uid="20713">
  <nd ref="12032628276"/>
  <nd ref="10174572952"/>
  <nd ref="12005322696"/>
  <nd ref="10174572953"/>
  <nd ref="12032631344"/>
 </way>
 <way id="1298940304" visible="true" version="1" changeset="153527423" timestamp="2024-07-04T05:24:59Z" user="mamanakis" uid="20713">
  <nd ref="321791342"/>
  <nd ref="12032631344"/>
 </way>
 <way id="1298940305" visible="true" version="2" changeset="153527643" timestamp="2024-07-04T05:35:52Z" user="mamanakis" uid="20713">
  <nd ref="321791342"/>
  <nd ref="12032628273"/>
  <nd ref="12032628276"/>
 </way>
 <way id="1298941110" visible="true" version="1" changeset="153527643" timestamp="2024-07-04T05:35:52Z" user="mamanakis" uid="20713">
  <nd ref="9389035414"/>
  <nd ref="9389035415"/>
  <nd ref="10174572956"/>
  <nd ref="9389035416"/>
  <nd ref="9389035417"/>
  <nd ref="10174572971"/>
  <nd ref="12005322685"/>
  <nd ref="10174572970"/>
  <nd ref="12005322699"/>
  <nd ref="321791337"/>
 </way>
 <way id="1298941111" visible="true" version="1" changeset="153527643" timestamp="2024-07-04T05:35:52Z" user="mamanakis" uid="20713">
  <nd ref="9389035413"/>
  <nd ref="10174572955"/>
  <nd ref="9389035414"/>
 </way>
 <way id="1298942009" visible="true" version="1" changeset="153527868" timestamp="2024-07-04T05:45:25Z" user="mamanakis" uid="20713">
  <nd ref="12032662439"/>
  <nd ref="321791342"/>
 </way>
 <way id="1298942010" visible="true" version="1" changeset="153527868" timestamp="2024-07-04T05:45:25Z" user="mamanakis" uid="20713">
  <nd ref="12032662437"/>
  <nd ref="10174572955"/>
  <nd ref="9389035414"/>
  <nd ref="9389035415"/>
  <nd ref="10174572956"/>
  <nd ref="9389035416"/>
 </way>
 <way id="1298942011" visible="true" version="4" changeset="153683794" timestamp="2024-07-08T02:11:20Z" user="mamanakis" uid="20713">
  <nd ref="10174572959"/>
  <nd ref="12040893552"/>
  <nd ref="12032662428"/>
  <nd ref="12008093536"/>
 </way>
 <way id="1298942012" visible="true" version="1" changeset="153527868" timestamp="2024-07-04T05:45:25Z" user="mamanakis" uid="20713">
  <nd ref="12032631344"/>
  <nd ref="10174572954"/>
  <nd ref="12032662437"/>
 </way>
 <way id="1298942013" visible="true" version="1" changeset="153527868" timestamp="2024-07-04T05:45:25Z" user="mamanakis" uid="20713">
  <nd ref="10733027460"/>
  <nd ref="10733027461"/>
 </way>
 <way id="1298942014" visible="true" version="1" changeset="153527868" timestamp="2024-07-04T05:45:25Z" user="mamanakis" uid="20713">
  <nd ref="10733027444"/>
  <nd ref="12032662420"/>
 </way>
 <way id="1298942015" visible="true" version="1" changeset="153527868" timestamp="2024-07-04T05:45:25Z" user="mamanakis" uid="20713">
  <nd ref="9389035417"/>
  <nd ref="10733031435"/>
  <nd ref="12032662430"/>
 </way>
 <way id="1298942016" visible="true" version="2" changeset="153527932" timestamp="2024-07-04T05:49:00Z" user="mamanakis" uid="20713">
  <nd ref="10174572959"/>
  <nd ref="12032662442"/>
  <nd ref="12032662414"/>
  <nd ref="12032662431"/>
  <nd ref="12032662417"/>
  <nd ref="12032662418"/>
  <nd ref="12032662423"/>
  <nd ref="12032662432"/>
  <nd ref="12032662440"/>
  <nd ref="12032662436"/>
  <nd ref="10733027460"/>
 </way>
 <way id="1298942017" visible="true" version="1" changeset="153527868" timestamp="2024-07-04T05:45:25Z" user="mamanakis" uid="20713">
  <nd ref="12032662429"/>
  <nd ref="10733027460"/>
 </way>
 <way id="1298942018" visible="true" version="1" changeset="153527868" timestamp="2024-07-04T05:45:25Z" user="mamanakis" uid="20713">
  <nd ref="10733027459"/>
  <nd ref="12032662422"/>
  <nd ref="12032662419"/>
  <nd ref="12032662435"/>
  <nd ref="12032662416"/>
  <nd ref="12032662433"/>
  <nd ref="12032662426"/>
  <nd ref="12032662434"/>
  <nd ref="12032662441"/>
  <nd ref="12032662443"/>
  <nd ref="12032662430"/>
 </way>
 <way id="1298942019" visible="true" version="1" changeset="153527868" timestamp="2024-07-04T05:45:25Z" user="mamanakis" uid="20713">
  <nd ref="12032662430"/>
  <nd ref="10174572957"/>
  <nd ref="10174572958"/>
  <nd ref="12032662427"/>
  <nd ref="10733027444"/>
 </way>
 <way id="1298942020" visible="true" version="1" changeset="153527868" timestamp="2024-07-04T05:45:25Z" user="mamanakis" uid="20713">
  <nd ref="12032662439"/>
  <nd ref="12032662437"/>
 </way>
 <way id="1298942021" visible="true" version="1" changeset="153527868" timestamp="2024-07-04T05:45:25Z" user="mamanakis" uid="20713">
  <nd ref="12032662415"/>
  <nd ref="12032662429"/>
 </way>
 <way id="1298942022" visible="true" version="1" changeset="153527868" timestamp="2024-07-04T05:45:25Z" user="mamanakis" uid="20713">
  <nd ref="10733027461"/>
  <nd ref="10733027458"/>
  <nd ref="10733027459"/>
 </way>
 <way id="1298942023" visible="true" version="1" changeset="153527868" timestamp="2024-07-04T05:45:25Z" user="mamanakis" uid="20713">
  <nd ref="10733027459"/>
  <nd ref="12032662420"/>
 </way>
 <way id="1298942024" visible="true" version="1" changeset="153527868" timestamp="2024-07-04T05:45:25Z" user="mamanakis" uid="20713">
  <nd ref="10733027444"/>
  <nd ref="10733031437"/>
  <nd ref="12032662415"/>
 </way>
 <way id="1298942025" visible="true" version="1" changeset="153527868" timestamp="2024-07-04T05:45:25Z" user="mamanakis" uid="20713">
  <nd ref="12032662415"/>
  <nd ref="10733027446"/>
  <nd ref="12032662438"/>
  <nd ref="10174572959"/>
 </way>
 <way id="1298942439" visible="true" version="1" changeset="153527932" timestamp="2024-07-04T05:49:00Z" user="mamanakis" uid="20713">
  <nd ref="321791335"/>
  <nd ref="11002542825"/>
  <nd ref="11002542826"/>
 </way>
 <way id="1298942440" visible="true" version="1" changeset="153527932" timestamp="2024-07-04T05:49:00Z" user="mamanakis" uid="20713">
  <nd ref="11002542828"/>
  <nd ref="321791335"/>
 </way>
 <way id="1298942441" visible="true" version="1" changeset="153527932" timestamp="2024-07-04T05:49:00Z" user="mamanakis" uid="20713">
  <nd ref="321791335"/>
  <nd ref="10733027461"/>
  <nd ref="10733027458"/>
  <nd ref="321791337"/>
 </way>
 <way id="1298942442" visible="true" version="1" changeset="153527932" timestamp="2024-07-04T05:49:00Z" user="mamanakis" uid="20713">
  <nd ref="12008114242"/>
  <nd ref="12008114247"/>
  <nd ref="12008114241"/>
  <nd ref="12008114238"/>
  <nd ref="12008114240"/>
  <nd ref="321800058"/>
  <nd ref="12008114239"/>
 </way>
 <way id="1298942443" visible="true" version="1" changeset="153527932" timestamp="2024-07-04T05:49:00Z" user="mamanakis" uid="20713">
  <nd ref="12008114242"/>
  <nd ref="12032666190"/>
  <nd ref="12032666191"/>
  <nd ref="12032666188"/>
  <nd ref="12032666187"/>
  <nd ref="12032666186"/>
  <nd ref="12032666189"/>
  <nd ref="11002542826"/>
 </way>
 <way id="1298942526" visible="true" version="1" changeset="153527963" timestamp="2024-07-04T05:50:54Z" user="mamanakis" uid="20713">
  <nd ref="12032651603"/>
  <nd ref="12032651609"/>
  <nd ref="12032651598"/>
  <nd ref="12032651599"/>
  <nd ref="12032651602"/>
  <nd ref="12032651596"/>
  <nd ref="12032651603"/>
  <tag k="landuse" v="flowerbed"/>
 </way>
 <way id="1298942527" visible="true" version="2" changeset="153527993" timestamp="2024-07-04T05:52:31Z" user="mamanakis" uid="20713">
  <nd ref="12008093535"/>
  <nd ref="12032669151"/>
  <nd ref="12032669152"/>
  <nd ref="12032669149"/>
  <nd ref="12032669150"/>
  <nd ref="12032669147"/>
  <nd ref="12032669148"/>
  <nd ref="12032669146"/>
  <nd ref="12032651608"/>
  <nd ref="12032651600"/>
  <nd ref="12032651605"/>
  <nd ref="12032651601"/>
  <nd ref="10174572965"/>
 </way>
 <way id="1298942528" visible="true" version="1" changeset="153527963" timestamp="2024-07-04T05:50:54Z" user="mamanakis" uid="20713">
  <nd ref="10174572965"/>
  <nd ref="321828625"/>
  <nd ref="10174573047"/>
  <nd ref="11998234949"/>
 </way>
 <way id="1298942641" visible="true" version="1" changeset="153527993" timestamp="2024-07-04T05:52:31Z" user="mamanakis" uid="20713">
  <nd ref="12008093536"/>
  <nd ref="12032651604"/>
  <nd ref="12032651595"/>
  <nd ref="12032651606"/>
  <nd ref="12032651597"/>
  <nd ref="12032651607"/>
  <nd ref="12032651610"/>
  <nd ref="10174572964"/>
  <nd ref="10174572965"/>
 </way>
 <way id="1298942642" visible="true" version="1" changeset="153527993" timestamp="2024-07-04T05:52:31Z" user="mamanakis" uid="20713">
  <nd ref="12008093536"/>
  <nd ref="12008093535"/>
 </way>
 <way id="1298942961" visible="true" version="1" changeset="153528093" timestamp="2024-07-04T05:57:36Z" user="mamanakis" uid="20713">
  <nd ref="12032652608"/>
  <nd ref="12032652609"/>
  <nd ref="12032652606"/>
  <nd ref="12032652613"/>
  <nd ref="12032652608"/>
  <tag k="landuse" v="flowerbed"/>
 </way>
 <way id="1298942962" visible="true" version="1" changeset="153528093" timestamp="2024-07-04T05:57:36Z" user="mamanakis" uid="20713">
  <nd ref="12032652611"/>
  <nd ref="12032652607"/>
  <nd ref="12032652599"/>
  <nd ref="12032652586"/>
  <nd ref="12032652611"/>
  <tag k="landuse" v="flowerbed"/>
 </way>
 <way id="1298942963" visible="true" version="1" changeset="153528093" timestamp="2024-07-04T05:57:36Z" user="mamanakis" uid="20713">
  <nd ref="12032652597"/>
  <nd ref="12032652598"/>
  <nd ref="12032652605"/>
  <nd ref="12032652614"/>
  <nd ref="12032652597"/>
  <tag k="landuse" v="flowerbed"/>
 </way>
 <way id="1298942965" visible="true" version="1" changeset="153528093" timestamp="2024-07-04T05:57:36Z" user="mamanakis" uid="20713">
  <nd ref="12032652595"/>
  <nd ref="12032652610"/>
  <tag k="highway" v="path"/>
 </way>
 <way id="1298942966" visible="true" version="1" changeset="153528093" timestamp="2024-07-04T05:57:36Z" user="mamanakis" uid="20713">
  <nd ref="12032652602"/>
  <nd ref="12032652589"/>
  <nd ref="12032652594"/>
  <nd ref="12032652592"/>
  <nd ref="12032652602"/>
  <tag k="landuse" v="flowerbed"/>
 </way>
 <way id="1298942968" visible="true" version="2" changeset="153912930" timestamp="2024-07-13T23:36:11Z" user="mamanakis" uid="20713">
  <nd ref="12052001464"/>
  <nd ref="12032652604"/>
  <nd ref="12032652591"/>
  <nd ref="12032652593"/>
 </way>
 <way id="1298942969" visible="true" version="1" changeset="153528093" timestamp="2024-07-04T05:57:36Z" user="mamanakis" uid="20713">
  <nd ref="321800428"/>
  <nd ref="12032652588"/>
  <tag k="highway" v="path"/>
 </way>
 <way id="1298945939" visible="true" version="4" changeset="174669341" timestamp="2025-11-14T23:30:34Z" user="Sytys" uid="11660817">
  <nd ref="9184347299"/>
  <nd ref="12032258858"/>
  <nd ref="12032344009"/>
  <nd ref="12032258840"/>
  <nd ref="321843234"/>
  <nd ref="9976400837"/>
  <nd ref="9976400838"/>
  <nd ref="11002613288"/>
  <nd ref="11002613217"/>
  <nd ref="11002613247"/>
  <nd ref="9184347300"/>
  <nd ref="11002618314"/>
  <nd ref="9184347301"/>
  <nd ref="11002618309"/>
  <nd ref="11002613257"/>
  <nd ref="9254599915"/>
  <nd ref="11002613256"/>
  <nd ref="11002618321"/>
  <nd ref="11002613285"/>
  <nd ref="12032344000"/>
  <nd ref="9184347302"/>
  <nd ref="12032258838"/>
  <nd ref="12032343990"/>
  <nd ref="9254611717"/>
  <nd ref="12032258868"/>
  <nd ref="9254611721"/>
  <nd ref="9254611718"/>
  <nd ref="11002613258"/>
  <nd ref="11002613265"/>
  <nd ref="11002618346"/>
  <nd ref="11002618348"/>
  <nd ref="11002613277"/>
  <nd ref="9254611719"/>
  <nd ref="11002613248"/>
  <nd ref="11002613297"/>
  <nd ref="9184347304"/>
  <nd ref="321843235"/>
  <nd ref="11002591084"/>
  <nd ref="9184347305"/>
  <nd ref="11002591082"/>
  <nd ref="11002591087"/>
  <nd ref="9184347306"/>
  <nd ref="11002591080"/>
  <nd ref="9184347307"/>
  <nd ref="11002591081"/>
  <nd ref="13305510603"/>
  <nd ref="13305520596"/>
  <nd ref="9184347308"/>
  <nd ref="13305520592"/>
  <nd ref="13305520595"/>
  <nd ref="13305520594"/>
  <nd ref="13305520593"/>
  <nd ref="13305510604"/>
  <nd ref="13305520597"/>
  <nd ref="321800008"/>
  <nd ref="9184347311"/>
 </way>
 <way id="1299443137" visible="true" version="1" changeset="153610132" timestamp="2024-07-06T04:23:38Z" user="mamanakis" uid="20713">
  <nd ref="10174573081"/>
  <nd ref="12037082024"/>
  <nd ref="12037082025"/>
  <nd ref="12037082026"/>
  <nd ref="12037082027"/>
  <nd ref="12037082028"/>
  <nd ref="12037082029"/>
  <nd ref="12037082030"/>
  <nd ref="11002542836"/>
 </way>
 <way id="1299443139" visible="true" version="1" changeset="153610132" timestamp="2024-07-06T04:23:38Z" user="mamanakis" uid="20713">
  <nd ref="12037082022"/>
  <nd ref="11002542836"/>
 </way>
 <way id="1299443140" visible="true" version="1" changeset="153610132" timestamp="2024-07-06T04:23:38Z" user="mamanakis" uid="20713">
  <nd ref="10174573082"/>
  <nd ref="9432203807"/>
  <nd ref="10174573080"/>
 </way>
 <way id="1299443141" visible="true" version="1" changeset="153610132" timestamp="2024-07-06T04:23:38Z" user="mamanakis" uid="20713">
  <nd ref="10174573081"/>
  <nd ref="10174573082"/>
 </way>
 <way id="1299443142" visible="true" version="1" changeset="153610132" timestamp="2024-07-06T04:23:38Z" user="mamanakis" uid="20713">
  <nd ref="12037082031"/>
  <nd ref="12037082032"/>
  <nd ref="12037082033"/>
  <nd ref="12037082034"/>
  <nd ref="12037082035"/>
  <nd ref="12037082036"/>
  <nd ref="12037082037"/>
  <nd ref="10174573083"/>
 </way>
 <way id="1299443147" visible="true" version="1" changeset="153610132" timestamp="2024-07-06T04:23:38Z" user="mamanakis" uid="20713">
  <nd ref="10174573087"/>
  <nd ref="12037082049"/>
  <nd ref="12037082050"/>
  <nd ref="12037082051"/>
  <nd ref="12037082031"/>
 </way>
 <way id="1299904080" visible="true" version="1" changeset="153683794" timestamp="2024-07-08T02:11:20Z" user="mamanakis" uid="20713">
  <nd ref="10174572926"/>
  <nd ref="9389035405"/>
  <nd ref="10174564768"/>
 </way>
 <way id="1299904081" visible="true" version="1" changeset="153683794" timestamp="2024-07-08T02:11:20Z" user="mamanakis" uid="20713">
  <nd ref="10174572926"/>
  <nd ref="9389035405"/>
  <nd ref="10174564768"/>
 </way>
 <way id="1299904082" visible="true" version="1" changeset="153683794" timestamp="2024-07-08T02:11:20Z" user="mamanakis" uid="20713">
  <nd ref="10174572944"/>
  <nd ref="10174573041"/>
  <nd ref="10174572945"/>
 </way>
 <way id="1299904083" visible="true" version="1" changeset="153683794" timestamp="2024-07-08T02:11:20Z" user="mamanakis" uid="20713">
  <nd ref="10174572944"/>
  <nd ref="10174573041"/>
  <nd ref="10174572945"/>
 </way>
 <way id="1299904088" visible="true" version="1" changeset="153683794" timestamp="2024-07-08T02:11:20Z" user="mamanakis" uid="20713">
  <nd ref="12040893182"/>
  <nd ref="12040893188"/>
 </way>
 <way id="1299904090" visible="true" version="1" changeset="153683794" timestamp="2024-07-08T02:11:20Z" user="mamanakis" uid="20713">
  <nd ref="10174564768"/>
  <nd ref="10174564769"/>
  <nd ref="12040893185"/>
  <nd ref="12040893188"/>
 </way>
 <way id="1299904124" visible="true" version="1" changeset="153683794" timestamp="2024-07-08T02:11:20Z" user="mamanakis" uid="20713">
  <nd ref="9227597298"/>
  <nd ref="12040893429"/>
  <nd ref="12040893430"/>
  <nd ref="12040893431"/>
  <nd ref="12040893432"/>
  <nd ref="12040893435"/>
  <nd ref="12040893433"/>
  <nd ref="12040893434"/>
  <tag k="highway" v="path"/>
 </way>
 <way id="1299904132" visible="true" version="2" changeset="153718819" timestamp="2024-07-08T19:48:36Z" user="mamanakis" uid="20713">
  <nd ref="12040893470"/>
  <nd ref="12040893471"/>
  <nd ref="12040893472"/>
  <nd ref="12040893473"/>
  <nd ref="12040893474"/>
  <nd ref="12040893475"/>
  <nd ref="12040893476"/>
  <nd ref="12040893477"/>
  <nd ref="12040893478"/>
  <nd ref="12040893479"/>
  <nd ref="12040893480"/>
  <nd ref="12040893481"/>
 </way>
 <way id="1299904133" visible="true" version="1" changeset="153683794" timestamp="2024-07-08T02:11:20Z" user="mamanakis" uid="20713">
  <nd ref="11009493251"/>
  <nd ref="11009493260"/>
  <nd ref="12040893464"/>
 </way>
 <way id="1299904134" visible="true" version="1" changeset="153683794" timestamp="2024-07-08T02:11:20Z" user="mamanakis" uid="20713">
  <nd ref="12040893512"/>
  <nd ref="11009493251"/>
 </way>
 <way id="1299904135" visible="true" version="1" changeset="153683794" timestamp="2024-07-08T02:11:20Z" user="mamanakis" uid="20713">
  <nd ref="12040893470"/>
  <nd ref="12040893513"/>
 </way>
 <way id="1299904136" visible="true" version="1" changeset="153683794" timestamp="2024-07-08T02:11:20Z" user="mamanakis" uid="20713">
  <nd ref="12040893464"/>
  <nd ref="11009493281"/>
  <nd ref="12040893513"/>
 </way>
 <way id="1299904137" visible="true" version="1" changeset="153683794" timestamp="2024-07-08T02:11:20Z" user="mamanakis" uid="20713">
  <nd ref="12040893464"/>
  <nd ref="12040893465"/>
  <nd ref="12040893466"/>
  <nd ref="12040893467"/>
  <nd ref="12040893468"/>
  <nd ref="12040893469"/>
  <nd ref="12040893470"/>
 </way>
 <way id="1299904138" visible="true" version="1" changeset="153683794" timestamp="2024-07-08T02:11:20Z" user="mamanakis" uid="20713">
  <nd ref="12040893514"/>
  <nd ref="12040893515"/>
  <nd ref="12040893516"/>
  <nd ref="12040893517"/>
  <nd ref="12040893518"/>
  <nd ref="12040893519"/>
  <nd ref="12040893520"/>
  <nd ref="12040893511"/>
 </way>
 <way id="1299904139" visible="true" version="1" changeset="153683794" timestamp="2024-07-08T02:11:20Z" user="mamanakis" uid="20713">
  <nd ref="12040893511"/>
  <nd ref="12040893512"/>
 </way>
 <way id="1299904140" visible="true" version="1" changeset="153683794" timestamp="2024-07-08T02:11:20Z" user="mamanakis" uid="20713">
  <nd ref="12040893514"/>
  <nd ref="11009493302"/>
  <nd ref="12040893512"/>
 </way>
 <way id="1300093742" visible="true" version="1" changeset="153718819" timestamp="2024-07-08T19:48:36Z" user="mamanakis" uid="20713">
  <nd ref="12040893489"/>
  <nd ref="12040893490"/>
  <nd ref="12040893491"/>
  <nd ref="12040893492"/>
  <nd ref="12040893493"/>
  <nd ref="12040893494"/>
  <nd ref="12040893495"/>
  <nd ref="12040893496"/>
  <nd ref="12040893497"/>
  <nd ref="12040893498"/>
  <nd ref="12040893499"/>
  <nd ref="12040893500"/>
  <nd ref="12040893501"/>
  <nd ref="12040893502"/>
  <nd ref="12040893503"/>
  <nd ref="12040893504"/>
  <nd ref="12040893505"/>
  <nd ref="12040893506"/>
  <nd ref="12040893507"/>
  <nd ref="12040893508"/>
  <nd ref="12040893509"/>
  <nd ref="12040893510"/>
  <nd ref="12040893511"/>
 </way>
 <way id="1300635303" visible="true" version="1" changeset="153804157" timestamp="2024-07-11T01:11:18Z" user="mamanakis" uid="20713">
  <nd ref="2699536550"/>
  <nd ref="10174573041"/>
  <nd ref="12040893193"/>
  <nd ref="431040260"/>
  <nd ref="12040893192"/>
  <nd ref="12040893191"/>
  <nd ref="321831429"/>
  <nd ref="12040898363"/>
  <nd ref="12040898362"/>
  <nd ref="12040898361"/>
  <nd ref="12040898360"/>
  <nd ref="9211130911"/>
  <tag k="bicycle" v="yes"/>
  <tag k="foot" v="designated"/>
  <tag k="highway" v="path"/>
  <tag k="noname" v="yes"/>
  <tag k="surface" v="concrete"/>
 </way>
 <way id="1301199018" visible="true" version="1" changeset="153912930" timestamp="2024-07-13T23:36:11Z" user="mamanakis" uid="20713">
  <nd ref="12052001464"/>
  <nd ref="12032652593"/>
 </way>
 <way id="1301199044" visible="true" version="1" changeset="153912930" timestamp="2024-07-13T23:36:11Z" user="mamanakis" uid="20713">
  <nd ref="12032652593"/>
  <nd ref="12032652585"/>
  <nd ref="12032652612"/>
  <nd ref="12032652587"/>
  <nd ref="12052001464"/>
 </way>
 <way id="1313118240" visible="true" version="1" changeset="156162385" timestamp="2024-09-03T22:59:56Z" user="Xvtn" uid="14249378">
  <nd ref="6347485768"/>
  <nd ref="12154447919"/>
  <nd ref="12154447920"/>
  <nd ref="12154447921"/>
  <nd ref="12154447922"/>
  <nd ref="12154447923"/>
  <nd ref="12154447924"/>
  <nd ref="12154447925"/>
  <nd ref="12154447926"/>
  <nd ref="12154447927"/>
  <nd ref="12154447928"/>
  <nd ref="12154447929"/>
  <nd ref="12154447930"/>
  <nd ref="12154447931"/>
  <nd ref="12154447932"/>
  <nd ref="12154447933"/>
  <nd ref="12154447934"/>
 </way>
 <relation id="14611433" visible="true" version="6" changeset="153685943" timestamp="2024-07-08T04:59:31Z" user="mamanakis" uid="20713">
  <member type="way" ref="29266419" role="inner"/>
  <member type="way" ref="1299917620" role="outer"/>
  <member type="way" ref="1299917628" role="outer"/>
  <member type="way" ref="1299917634" role="outer"/>
  <member type="way" ref="1299917627" role="outer"/>
  <member type="way" ref="1298945056" role="outer"/>
  <member type="way" ref="1298945058" role="outer"/>
  <member type="way" ref="1298945434" role="outer"/>
  <member type="way" ref="1298945435" role="outer"/>
  <member type="way" ref="1298945055" role="outer"/>
  <member type="way" ref="1299447482" role="outer"/>
  <member type="way" ref="1299447483" role="outer"/>
  <member type="way" ref="1298945939" role="outer"/>
  <member type="way" ref="1299917598" role="outer"/>
  <member type="way" ref="29267314" role="outer"/>
  <member type="way" ref="1299917599" role="outer"/>
  <tag k="landuse" v="recreation_ground"/>
  <tag k="name" v="Old Main Hill"/>
  <tag k="surface" v="grass"/>
  <tag k="type" v="multipolygon"/>
 </relation>
 <relation id="14870770" visible="true" version="15" changeset="153683794" timestamp="2024-07-08T02:11:20Z" user="mamanakis" uid="20713">
  <member type="way" ref="1294643946" role="outer"/>
  <member type="way" ref="1298947970" role="outer"/>
  <member type="way" ref="1298947965" role="outer"/>
  <member type="way" ref="1298947959" role="outer"/>
  <member type="way" ref="1298947969" role="outer"/>
  <member type="way" ref="1298947238" role="outer"/>
  <member type="way" ref="1298947057" role="outer"/>
  <member type="way" ref="1298947059" role="outer"/>
  <member type="way" ref="1298947963" role="outer"/>
  <member type="way" ref="1298947960" role="outer"/>
  <member type="way" ref="1295569400" role="outer"/>
  <member type="way" ref="1295569397" role="outer"/>
  <member type="way" ref="1295554458" role="outer"/>
  <member type="way" ref="1299904090" role="outer"/>
  <member type="way" ref="1299904080" role="outer"/>
  <member type="way" ref="1295554459" role="outer"/>
  <member type="way" ref="1295570388" role="outer"/>
  <member type="way" ref="1293552866" role="outer"/>
  <member type="way" ref="1296084848" role="outer"/>
  <member type="way" ref="1295570398" role="outer"/>
  <member type="way" ref="1295873878" role="outer"/>
  <member type="way" ref="1295873875" role="outer"/>
  <member type="way" ref="1293552861" role="outer"/>
  <member type="way" ref="1112137996" role="outer"/>
  <member type="way" ref="1299086893" role="outer"/>
  <member type="way" ref="1112137998" role="inner"/>
  <member type="way" ref="1295555883" role="inner"/>
  <member type="way" ref="1112137997" role="inner"/>
  <member type="way" ref="1112137999" role="inner"/>
  <member type="way" ref="1112138000" role="inner"/>
  <member type="way" ref="1295555880" role="inner"/>
  <member type="way" ref="1295555881" role="inner"/>
  <member type="way" ref="1299904068" role="inner"/>
  <member type="way" ref="1299904072" role="inner"/>
  <member type="way" ref="1112138001" role="inner"/>
  <member type="way" ref="1299904067" role="inner"/>
  <member type="way" ref="1299904071" role="inner"/>
  <member type="way" ref="1295555882" role="inner"/>
  <tag k="highway" v="pedestrian"/>
  <tag k="type" v="multipolygon"/>
 </relation>
 <relation id="17756754" visible="true" version="9" changeset="153683794" timestamp="2024-07-08T02:11:20Z" user="mamanakis" uid="20713">
  <member type="way" ref="1295570401" role="outer"/>
  <member type="way" ref="1295570388" role="outer"/>
  <member type="way" ref="1112138002" role="outer"/>
  <member type="way" ref="1299904081" role="outer"/>
  <member type="way" ref="1295554461" role="outer"/>
  <member type="way" ref="1299904083" role="outer"/>
  <member type="way" ref="1298939929" role="outer"/>
  <member type="way" ref="1298939931" role="outer"/>
  <member type="way" ref="1298939924" role="outer"/>
  <member type="way" ref="1298939063" role="outer"/>
  <member type="way" ref="1298940215" role="outer"/>
  <member type="way" ref="1298942012" role="outer"/>
  <member type="way" ref="1298942010" role="outer"/>
  <member type="way" ref="1295554457" role="outer"/>
  <member type="way" ref="1298942015" role="outer"/>
  <member type="way" ref="1298942019" role="outer"/>
  <member type="way" ref="1298942024" role="outer"/>
  <member type="way" ref="1298942025" role="outer"/>
  <member type="way" ref="1298942011" role="outer"/>
  <member type="way" ref="1298942641" role="outer"/>
  <member type="way" ref="1298942528" role="outer"/>
  <member type="way" ref="1295570391" role="outer"/>
  <member type="way" ref="1296084851" role="outer"/>
  <tag k="area" v="yes"/>
  <tag k="highway" v="pedestrian"/>
  <tag k="surface" v="concrete"/>
  <tag k="type" v="multipolygon"/>
 </relation>
 <relation id="17756755" visible="true" version="1" changeset="153091810" timestamp="2024-06-24T03:09:55Z" user="mamanakis" uid="20713">
  <member type="way" ref="1112138002" role="outer"/>
  <member type="way" ref="1295554459" role="outer"/>
  <tag k="landuse" v="grass"/>
  <tag k="type" v="multipolygon"/>
 </relation>
 <relation id="17757030" visible="true" version="9" changeset="157859174" timestamp="2024-10-14T05:08:54Z" user="uneaten puffed" uid="21883015">
  <member type="way" ref="1299906473" role="outer"/>
  <member type="way" ref="1299906480" role="outer"/>
  <member type="way" ref="1295569399" role="outer"/>
  <member type="way" ref="1295569398" role="outer"/>
  <member type="way" ref="1299904084" role="outer"/>
  <member type="way" ref="1299904091" role="outer"/>
  <member type="way" ref="1299904079" role="outer"/>
  <member type="way" ref="1112138007" role="outer"/>
  <member type="way" ref="1299904082" role="outer"/>
  <member type="way" ref="1298939927" role="outer"/>
  <member type="way" ref="1295568902" role="outer"/>
  <member type="way" ref="1299904095" role="outer"/>
  <member type="way" ref="1299904096" role="outer"/>
  <member type="way" ref="1298939926" role="outer"/>
  <member type="way" ref="1300622416" role="outer"/>
  <member type="way" ref="1299917583" role="outer"/>
  <member type="way" ref="1299906474" role="outer"/>
  <tag k="highway" v="pedestrian"/>
  <tag k="surface" v="concrete"/>
  <tag k="type" v="multipolygon"/>
 </relation>
 <relation id="17757047" visible="true" version="3" changeset="153833061" timestamp="2024-07-12T00:05:50Z" user="mamanakis" uid="20713">
  <member type="way" ref="1110413083" role="outer"/>
  <member type="way" ref="1293552866" role="outer"/>
  <member type="way" ref="1295570401" role="outer"/>
  <member type="way" ref="1295570398" role="outer"/>
  <member type="way" ref="1295570395" role="outer"/>
  <member type="way" ref="1110413082" role="outer"/>
  <member type="way" ref="1300778901" role="outer"/>
  <member type="way" ref="1295570394" role="outer"/>
  <member type="way" ref="1295570392" role="outer"/>
  <member type="way" ref="1295570399" role="outer"/>
  <member type="way" ref="1295570402" role="outer"/>
  <member type="way" ref="29267274" role="outer"/>
  <member type="way" ref="1295570391" role="outer"/>
  <tag k="landuse" v="grass"/>
  <tag k="type" v="multipolygon"/>
 </relation>
 <relation id="17757049" visible="true" version="3" changeset="153833061" timestamp="2024-07-12T00:05:50Z" user="mamanakis" uid="20713">
  <member type="way" ref="1295570401" role="outer"/>
  <member type="way" ref="1293552866" role="outer"/>
  <member type="way" ref="1296084848" role="outer"/>
  <member type="way" ref="1295570398" role="outer"/>
  <member type="way" ref="1295570395" role="outer"/>
  <member type="way" ref="1296084849" role="outer"/>
  <member type="way" ref="1300778901" role="outer"/>
  <member type="way" ref="1295570394" role="outer"/>
  <member type="way" ref="1295570392" role="outer"/>
  <member type="way" ref="1296084850" role="outer"/>
  <member type="way" ref="29267274" role="outer"/>
  <member type="way" ref="1295570391" role="outer"/>
  <member type="way" ref="1296084851" role="outer"/>
  <tag k="landuse" v="recreation_ground"/>
  <tag k="name" v="The Quad"/>
  <tag k="type" v="multipolygon"/>
 </relation>
 <relation id="17802142" visible="true" version="3" changeset="153527159" timestamp="2024-07-04T05:09:33Z" user="mamanakis" uid="20713">
  <member type="way" ref="1017917099" role="outer"/>
  <member type="way" ref="1298939297" role="outer"/>
  <member type="way" ref="29261250" role="outer"/>
  <tag k="landuse" v="grass"/>
  <tag k="type" v="multipolygon"/>
 </relation>
 <relation id="17802144" visible="true" version="2" changeset="153527932" timestamp="2024-07-04T05:49:00Z" user="mamanakis" uid="20713">
  <member type="way" ref="29262384" role="outer"/>
  <member type="way" ref="1298942442" role="outer"/>
  <member type="way" ref="1298939070" role="outer"/>
  <member type="way" ref="1298939067" role="outer"/>
  <tag k="access" v="yes"/>
  <tag k="amenity" v="parking"/>
  <tag k="fee" v="yes"/>
  <tag k="parking" v="surface"/>
  <tag k="surface" v="asphalt"/>
  <tag k="type" v="multipolygon"/>
 </relation>
 <relation id="17802145" visible="true" version="2" changeset="153527932" timestamp="2024-07-04T05:49:00Z" user="mamanakis" uid="20713">
  <member type="way" ref="1184566193" role="outer"/>
  <member type="way" ref="1298942440" role="outer"/>
  <member type="way" ref="1298942439" role="outer"/>
  <tag k="leisure" v="outdoor_seating"/>
  <tag k="type" v="multipolygon"/>
 </relation>
 <relation id="17802146" visible="true" version="2" changeset="153527186" timestamp="2024-07-04T05:11:13Z" user="mamanakis" uid="20713">
  <member type="way" ref="1298939298" role="outer"/>
  <member type="way" ref="1017917099" role="outer"/>
  <member type="way" ref="1298939071" role="outer"/>
  <member type="way" ref="1298939344" role="outer"/>
  <member type="way" ref="1298939345" role="outer"/>
  <member type="way" ref="1298939066" role="outer"/>
  <tag k="landuse" v="flowerbed"/>
  <tag k="type" v="multipolygon"/>
 </relation>
 <relation id="17802147" visible="true" version="2" changeset="153527270" timestamp="2024-07-04T05:16:21Z" user="mamanakis" uid="20713">
  <member type="way" ref="1298939343" role="outer"/>
  <member type="way" ref="1298939070" role="outer"/>
  <member type="way" ref="1298939345" role="outer"/>
  <member type="way" ref="1298939075" role="outer"/>
  <member type="way" ref="1298939076" role="outer"/>
  <member type="way" ref="1298939716" role="outer"/>
  <tag k="landuse" v="grass"/>
  <tag k="type" v="multipolygon"/>
 </relation>
 <relation id="17802153" visible="true" version="1" changeset="153527270" timestamp="2024-07-04T05:16:21Z" user="mamanakis" uid="20713">
  <member type="way" ref="1298939711" role="outer"/>
  <member type="way" ref="1298939713" role="outer"/>
  <tag k="landuse" v="grass"/>
  <tag k="type" v="multipolygon"/>
 </relation>
 <relation id="17802159" visible="true" version="1" changeset="153527324" timestamp="2024-07-04T05:19:58Z" user="mamanakis" uid="20713">
  <member type="way" ref="1298939928" role="outer"/>
  <member type="way" ref="1298939930" role="outer"/>
  <tag k="landuse" v="grass"/>
  <tag k="type" v="multipolygon"/>
 </relation>
 <relation id="17802160" visible="true" version="1" changeset="153527324" timestamp="2024-07-04T05:19:58Z" user="mamanakis" uid="20713">
  <member type="way" ref="1298939932" role="outer"/>
  <member type="way" ref="1298939929" role="outer"/>
  <member type="way" ref="1298939927" role="outer"/>
  <member type="way" ref="1295568902" role="outer"/>
  <tag k="landuse" v="grass"/>
  <tag k="type" v="multipolygon"/>
 </relation>
 <relation id="17802161" visible="true" version="4" changeset="153527868" timestamp="2024-07-04T05:45:25Z" user="mamanakis" uid="20713">
  <member type="way" ref="1298939925" role="outer"/>
  <member type="way" ref="1298939074" role="outer"/>
  <member type="way" ref="1298939924" role="outer"/>
  <member type="way" ref="1298940305" role="outer"/>
  <member type="way" ref="1298940304" role="outer"/>
  <member type="way" ref="1298940215" role="outer"/>
  <tag k="landuse" v="flowerbed"/>
  <tag k="type" v="multipolygon"/>
 </relation>
 <relation id="17802177" visible="true" version="3" changeset="153527868" timestamp="2024-07-04T05:45:25Z" user="mamanakis" uid="20713">
  <member type="way" ref="1298941111" role="outer"/>
  <member type="way" ref="1298939062" role="outer"/>
  <member type="way" ref="1298941110" role="outer"/>
  <member type="way" ref="1298942020" role="outer"/>
  <member type="way" ref="1298942009" role="outer"/>
  <member type="way" ref="1298940304" role="outer"/>
  <member type="way" ref="1298942012" role="outer"/>
  <tag k="landuse" v="grass"/>
  <tag k="type" v="multipolygon"/>
 </relation>
 <relation id="17802178" visible="true" version="4" changeset="153527932" timestamp="2024-07-04T05:49:00Z" user="mamanakis" uid="20713">
  <member type="way" ref="1298939075" role="outer"/>
  <member type="way" ref="1298939076" role="outer"/>
  <member type="way" ref="1298939064" role="outer"/>
  <member type="way" ref="1298942440" role="outer"/>
  <member type="way" ref="1298942441" role="outer"/>
  <member type="way" ref="1298939062" role="outer"/>
  <member type="way" ref="1298939066" role="outer"/>
  <member type="way" ref="1298939068" role="outer"/>
  <member type="way" ref="1298939071" role="outer"/>
  <member type="way" ref="29261250" role="outer"/>
  <member type="way" ref="1298939065" role="outer"/>
  <member type="way" ref="1298939930" role="outer"/>
  <member type="way" ref="1298939714" role="outer"/>
  <member type="way" ref="1298939713" role="outer"/>
  <member type="way" ref="1298939073" role="outer"/>
  <member type="way" ref="1298939072" role="outer"/>
  <member type="way" ref="1298939074" role="outer"/>
  <member type="way" ref="1298939063" role="outer"/>
  <member type="way" ref="1298940305" role="outer"/>
  <member type="way" ref="1298942009" role="outer"/>
  <member type="way" ref="1298939069" role="outer"/>
  <tag k="building" v="university"/>
  <tag k="historic" v="building"/>
  <tag k="name" v="Old Main"/>
  <tag k="nris" v="72001258"/>
  <tag k="short_name" v="MAIN"/>
  <tag k="toilets" v="yes"/>
  <tag k="type" v="multipolygon"/>
  <tag k="wikidata" v="Q14711849"/>
 </relation>
 <relation id="17802199" visible="true" version="1" changeset="153527868" timestamp="2024-07-04T05:45:25Z" user="mamanakis" uid="20713">
  <member type="way" ref="1154054740" role="outer"/>
  <member type="way" ref="1298942017" role="outer"/>
  <member type="way" ref="1298942013" role="outer"/>
  <member type="way" ref="1298942022" role="outer"/>
  <member type="way" ref="1298942023" role="outer"/>
  <tag k="building:part" v="yes"/>
  <tag k="layer" v="1"/>
  <tag k="type" v="multipolygon"/>
 </relation>
 <relation id="17802200" visible="true" version="3" changeset="153527993" timestamp="2024-07-04T05:52:31Z" user="mamanakis" uid="20713">
  <member type="way" ref="1298942021" role="outer"/>
  <member type="way" ref="1298942017" role="outer"/>
  <member type="way" ref="1298942025" role="outer"/>
  <member type="way" ref="1298942014" role="outer"/>
  <member type="way" ref="1298942019" role="outer"/>
  <member type="way" ref="1298942023" role="outer"/>
  <member type="way" ref="1298942018" role="outer"/>
  <member type="way" ref="1298942016" role="outer"/>
  <member type="way" ref="1298942443" role="outer"/>
  <member type="way" ref="1184566193" role="outer"/>
  <member type="way" ref="1298939064" role="outer"/>
  <member type="way" ref="29262384" role="outer"/>
  <member type="way" ref="1298939716" role="outer"/>
  <member type="way" ref="1298942527" role="outer"/>
  <member type="way" ref="1295873567" role="outer"/>
  <member type="way" ref="1298942641" role="outer"/>
  <tag k="landuse" v="flowerbed"/>
  <tag k="type" v="multipolygon"/>
 </relation>
 <relation id="17802203" visible="true" version="2" changeset="153527993" timestamp="2024-07-04T05:52:31Z" user="mamanakis" uid="20713">
  <member type="way" ref="1295873567" role="outer"/>
  <member type="way" ref="1298942642" role="outer"/>
  <tag k="amenity" v="bicycle_parking"/>
  <tag k="type" v="multipolygon"/>
 </relation>
 <relation id="17809018" visible="true" version="1" changeset="153610132" timestamp="2024-07-06T04:23:38Z" user="mamanakis" uid="20713">
  <member type="way" ref="1299443076" role="outer"/>
  <member type="way" ref="1299443074" role="outer"/>
  <member type="way" ref="1299443081" role="outer"/>
  <member type="way" ref="1299443077" role="outer"/>
  <member type="way" ref="1299443082" role="outer"/>
  <member type="way" ref="1299443078" role="outer"/>
  <member type="way" ref="1299443084" role="outer"/>
  <member type="way" ref="1299443087" role="outer"/>
  <member type="way" ref="1299443085" role="outer"/>
  <member type="way" ref="1299443088" role="outer"/>
  <member type="way" ref="1299443086" role="outer"/>
  <member type="way" ref="1299443101" role="outer"/>
  <member type="way" ref="1299443124" role="outer"/>
  <member type="way" ref="1299443121" role="outer"/>
  <member type="way" ref="1299443125" role="outer"/>
  <member type="way" ref="333689086" role="outer"/>
  <member type="way" ref="1299443122" role="outer"/>
  <member type="way" ref="1299443127" role="outer"/>
  <member type="way" ref="1299443129" role="outer"/>
  <member type="way" ref="1299443137" role="outer"/>
  <member type="way" ref="1299443141" role="outer"/>
  <member type="way" ref="1299443140" role="outer"/>
  <member type="way" ref="1299443136" role="outer"/>
  <member type="way" ref="1299443139" role="outer"/>
  <member type="way" ref="1299443147" role="outer"/>
  <member type="way" ref="1299443142" role="outer"/>
  <member type="way" ref="1299443143" role="outer"/>
  <member type="way" ref="1299443144" role="outer"/>
  <member type="way" ref="1299443145" role="outer"/>
  <member type="way" ref="1112138011" role="outer"/>
  <tag k="landuse" v="flowerbed"/>
  <tag k="type" v="multipolygon"/>
 </relation>
 <relation id="17809027" visible="true" version="1" changeset="153610132" timestamp="2024-07-06T04:23:38Z" user="mamanakis" uid="20713">
  <member type="way" ref="1299443141" role="outer"/>
  <member type="way" ref="1112138009" role="outer"/>
  <member type="way" ref="1299443140" role="outer"/>
  <tag k="amenity" v="bicycle_parking"/>
  <tag k="area" v="yes"/>
  <tag k="covered" v="no"/>
  <tag k="type" v="multipolygon"/>
 </relation>
 <relation id="17814492" visible="true" version="1" changeset="153683794" timestamp="2024-07-08T02:11:20Z" user="mamanakis" uid="20713">
  <member type="way" ref="1299904090" role="outer"/>
  <member type="way" ref="1299904088" role="outer"/>
  <member type="way" ref="1299904092" role="outer"/>
  <member type="way" ref="1299904079" role="outer"/>
  <member type="way" ref="1112138007" role="outer"/>
  <member type="way" ref="1295554461" role="outer"/>
  <tag k="landuse" v="grass"/>
  <tag k="type" v="multipolygon"/>
 </relation>
 <relation id="17814493" visible="true" version="1" changeset="153683794" timestamp="2024-07-08T02:11:20Z" user="mamanakis" uid="20713">
  <member type="way" ref="1299904085" role="outer"/>
  <member type="way" ref="1295569401" role="outer"/>
  <member type="way" ref="1299904089" role="outer"/>
  <member type="way" ref="1299904088" role="outer"/>
  <member type="way" ref="1295554458" role="outer"/>
  <member type="way" ref="1299904087" role="outer"/>
  <tag k="landuse" v="flowerbed"/>
  <tag k="type" v="multipolygon"/>
 </relation>
 <relation id="17814502" visible="true" version="1" changeset="153683794" timestamp="2024-07-08T02:11:20Z" user="mamanakis" uid="20713">
  <member type="way" ref="1299904134" role="outer"/>
  <member type="way" ref="1299904140" role="outer"/>
  <member type="way" ref="1185187063" role="outer"/>
  <member type="way" ref="1299904136" role="outer"/>
  <member type="way" ref="1299904133" role="outer"/>
  <tag k="building" v="university"/>
  <tag k="name" v="Public Relations"/>
  <tag k="short_name" v="PR"/>
  <tag k="type" v="multipolygon"/>
 </relation>
 <relation id="17814503" visible="true" version="2" changeset="153718819" timestamp="2024-07-08T19:48:36Z" user="mamanakis" uid="20713">
  <member type="way" ref="1299904133" role="outer"/>
  <member type="way" ref="1299904137" role="outer"/>
  <member type="way" ref="1299904132" role="outer"/>
  <member type="way" ref="1300093743" role="outer"/>
  <member type="way" ref="1300093742" role="outer"/>
  <member type="way" ref="1299904139" role="outer"/>
  <member type="way" ref="1299904134" role="outer"/>
  <tag k="landuse" v="grass"/>
  <tag k="type" v="multipolygon"/>
 </relation>
 <relation id="17814504" visible="true" version="1" changeset="153683794" timestamp="2024-07-08T02:11:20Z" user="mamanakis" uid="20713">
  <member type="way" ref="1299904135" role="outer"/>
  <member type="way" ref="1299904137" role="outer"/>
  <member type="way" ref="1299904136" role="outer"/>
  <tag k="landuse" v="flowerbed"/>
  <tag k="type" v="multipolygon"/>
 </relation>
 <relation id="17814505" visible="true" version="1" changeset="153683794" timestamp="2024-07-08T02:11:20Z" user="mamanakis" uid="20713">
  <member type="way" ref="1299904140" role="outer"/>
  <member type="way" ref="1299904138" role="outer"/>
  <member type="way" ref="1299904139" role="outer"/>
  <tag k="landuse" v="flowerbed"/>
  <tag k="type" v="multipolygon"/>
 </relation>
 <relation id="17833728" visible="true" version="1" changeset="153912930" timestamp="2024-07-13T23:36:11Z" user="mamanakis" uid="20713">
  <member type="way" ref="1301199044" role="outer"/>
  <member type="way" ref="1301199018" role="outer"/>
  <tag k="landuse" v="flowerbed"/>
  <tag k="type" v="multipolygon"/>
 </relation>
 <relation id="17833729" visible="true" version="1" changeset="153912930" timestamp="2024-07-13T23:36:11Z" user="mamanakis" uid="20713">
  <member type="way" ref="1298942968" role="outer"/>
  <member type="way" ref="1301199018" role="outer"/>
  <tag k="amenity" v="bicycle_parking"/>
  <tag k="area" v="yes"/>
  <tag k="type" v="multipolygon"/>
 </relation>
 <relation id="18003998" visible="true" version="2" changeset="156536738" timestamp="2024-09-12T16:20:59Z" user="Xvtn" uid="14249378">
  <member type="way" ref="1313118236" role="outer"/>
  <member type="way" ref="1313118237" role="outer"/>
  <member type="way" ref="1313118238" role="outer"/>
  <member type="way" ref="29234969" role="outer"/>
  <member type="way" ref="29234968" role="outer"/>
  <member type="way" ref="119006799" role="outer"/>
  <member type="way" ref="954778611" role="outer"/>
  <member type="way" ref="954778610" role="outer"/>
  <member type="way" ref="954778609" role="outer"/>
  <member type="way" ref="1076528032" role="outer"/>
  <member type="way" ref="954778608" role="outer"/>
  <member type="way" ref="119006911" role="outer"/>
  <member type="way" ref="182952353" role="outer"/>
  <member type="way" ref="954778605" role="outer"/>
  <member type="way" ref="954778604" role="outer"/>
  <member type="way" ref="954778602" role="outer"/>
  <member type="way" ref="1315123509" role="outer"/>
  <member type="way" ref="954778601" role="outer"/>
  <member type="way" ref="1313118240" role="outer"/>
  <member type="way" ref="1313118241" role="outer"/>
  <tag k="name" v="Hillcrest Neighborhood"/>
  <tag k="place" v="neighbourhood"/>
  <tag k="type" v="multipolygon"/>
 </relation>
</osm>
